-- phpMyAdmin SQL Dump
-- version 5.2.2
-- https://www.phpmyadmin.net/
--
-- Servidor: localhost:3306
-- Tiempo de generación: 27-02-2026 a las 17:32:26
-- Versión del servidor: 11.4.10-MariaDB
-- Versión de PHP: 8.4.17

SET SQL_MODE = "NO_AUTO_VALUE_ON_ZERO";
START TRANSACTION;
SET time_zone = "+00:00";


/*!40101 SET @OLD_CHARACTER_SET_CLIENT=@@CHARACTER_SET_CLIENT */;
/*!40101 SET @OLD_CHARACTER_SET_RESULTS=@@CHARACTER_SET_RESULTS */;
/*!40101 SET @OLD_COLLATION_CONNECTION=@@COLLATION_CONNECTION */;
/*!40101 SET NAMES utf8mb4 */;

--
-- Base de datos: `lsistemas_erp_2026`
--

-- --------------------------------------------------------

--
-- Estructura de tabla para la tabla `al_alertas`
--

CREATE TABLE `al_alertas` (
  `id` int(10) UNSIGNED NOT NULL,
  `id_empresa` int(10) UNSIGNED NOT NULL,
  `titulo` varchar(160) NOT NULL,
  `categoria` varchar(80) DEFAULT NULL,
  `descripcion` varchar(255) DEFAULT NULL,
  `tipo` enum('ONCE','MONTHLY','YEARLY','INTERVAL') NOT NULL DEFAULT 'ONCE',
  `intervalo_dias` int(10) UNSIGNED DEFAULT NULL,
  `fecha_base` datetime NOT NULL,
  `anticipacion_dias` int(10) UNSIGNED NOT NULL DEFAULT 0,
  `activo` tinyint(1) NOT NULL DEFAULT 1,
  `creado` datetime NOT NULL DEFAULT current_timestamp(),
  `actualizado` datetime NOT NULL DEFAULT current_timestamp() ON UPDATE current_timestamp()
) ENGINE=InnoDB DEFAULT CHARSET=utf8mb4 COLLATE=utf8mb4_spanish_ci;

-- --------------------------------------------------------

--
-- Estructura de tabla para la tabla `al_alertas_log`
--

CREATE TABLE `al_alertas_log` (
  `id` int(10) UNSIGNED NOT NULL,
  `id_alerta` int(10) UNSIGNED NOT NULL,
  `evento` enum('CREATED','UPDATED','FIRED','DISMISSED','TOGGLED') NOT NULL,
  `detalle` varchar(255) DEFAULT NULL,
  `creado` datetime NOT NULL DEFAULT current_timestamp()
) ENGINE=InnoDB DEFAULT CHARSET=utf8mb4 COLLATE=utf8mb4_spanish_ci;

-- --------------------------------------------------------

--
-- Estructura de tabla para la tabla `cam_camaras`
--

CREATE TABLE `cam_camaras` (
  `id` int(10) UNSIGNED NOT NULL,
  `id_empresa` int(10) UNSIGNED NOT NULL,
  `nombre` varchar(100) NOT NULL,
  `link_externo` varchar(255) DEFAULT NULL,
  `link_local` varchar(255) DEFAULT NULL,
  `color_bg` varchar(7) NOT NULL DEFAULT '#000000',
  `color_text` varchar(7) NOT NULL DEFAULT '#ffffff',
  `creacion` datetime NOT NULL DEFAULT current_timestamp(),
  `actualizacion` datetime NOT NULL DEFAULT current_timestamp() ON UPDATE current_timestamp()
) ENGINE=InnoDB DEFAULT CHARSET=utf8mb4 COLLATE=utf8mb4_spanish_ci;

--
-- Volcado de datos para la tabla `cam_camaras`
--

INSERT INTO `cam_camaras` (`id`, `id_empresa`, `nombre`, `link_externo`, `link_local`, `color_bg`, `color_text`, `creacion`, `actualizacion`) VALUES
(2, 4, 'Global Car', 'http://sctumbes.dvrdns.org:2010', 'http://192.168.0.210:2010', '#f1b72e', '#ffffff', '2026-01-22 19:15:41', '2026-02-18 16:34:15'),
(3, 13, 'Open Medic', 'http://omtumbes.dvrdns.org:2010', 'http://192.168.0.210:2010', '#0076d1', '#ffffff', '2026-01-22 19:16:52', '2026-01-23 09:57:08'),
(4, 3, 'Global Car', 'http://scpiura.dvrdns.org:2015', 'http://192.168.18.215:2015', '#f1b72e', '#ffffff', '2026-01-22 19:18:08', '2026-01-23 16:20:14'),
(5, 2, 'Global Car', 'http://gcchiclayo.dvrdns.org:2001', 'http://172.16.111.200:2001', '#99322d', '#ffffff', '2026-01-22 19:22:58', '2026-01-22 23:48:14'),
(6, 12, 'Escuela Global Car', 'http://scglobalcar.dvrdns.org:1001', 'http://192.168.0.101:1001', '#f1b72e', '#ffffff', '2026-01-22 23:03:34', '2026-01-23 17:24:07'),
(7, 14, 'Open Medic', 'http://opmtrujillo.dvrdns.org:2001', 'http://192.168.18.201:2001', '#0076d1', '#ffffff', '2026-01-22 23:04:56', '2026-01-22 23:48:06'),
(8, 6, 'Global Car', 'http://gcpchota.dvrdns.org:2000', 'http://172.16.60.200:2000', '#99322d', '#ffffff', '2026-01-22 23:08:33', '2026-01-22 23:47:54'),
(9, 5, 'Global Car', 'http://scchimbote.dvrdns.org:1011', 'http://192.168.0.111:1011', '#f1b72e', '#ffffff', '2026-01-22 23:10:26', '2026-01-23 17:12:09'),
(10, 7, 'Selva Car', 'http://scpucallpa.dvrdns.org:2004', 'http://192.168.1.204:2004', '#2a9d8f', '#ffffff', '2026-01-22 23:12:31', '2026-01-28 19:40:52'),
(11, 16, 'Global Medic', 'http://gmpucallpa.dvrdns.org:2001', 'http://192.168.0.201:2001', '#00b4d8', '#ffffff', '2026-01-22 23:13:25', '2026-01-22 23:49:03'),
(12, 8, 'Aguaytia', 'http://scaguaytia.dvrdns.org:2002', 'http://172.16.143.200:2002', '#2a9d8f', '#ffffff', '2026-01-22 23:15:16', '2026-01-22 23:48:58'),
(13, 9, 'Selva Car', 'http://escuelashadai.dvrdns.org:2000', 'http://172.16.122.200:2000', '#2a9d8f', '#ffffff', '2026-01-22 23:16:51', '2026-01-22 23:48:43'),
(14, 15, 'Open Medic', 'http://omtarapoto.dvrdns.org:2000', 'http://172.16.133.200:2000', '#0076d1', '#ffffff', '2026-01-22 23:18:24', '2026-01-22 23:48:39'),
(16, 17, 'Guía mis rutas', 'http://guiasmisrutas.dvrdns.org:2010', 'http://192.168.18.101:2010', '#171616', '#ffffff', '2026-01-22 23:25:45', '2026-01-23 15:53:33'),
(17, 11, 'Selva Car', 'http://sciquitos.dvrdns.org:2001', 'http://172.16.201.200:2001', '#2a9d8f', '#ffffff', '2026-01-22 23:27:32', '2026-01-22 23:48:19');

-- --------------------------------------------------------

--
-- Estructura de tabla para la tabla `cam_camaras_usuarios`
--

CREATE TABLE `cam_camaras_usuarios` (
  `id` int(10) UNSIGNED NOT NULL,
  `id_camara` int(10) UNSIGNED NOT NULL,
  `usuario` varchar(100) NOT NULL,
  `contrasena` varchar(255) NOT NULL,
  `nota` varchar(255) DEFAULT NULL,
  `creacion` datetime NOT NULL DEFAULT current_timestamp(),
  `actualizacion` datetime NOT NULL DEFAULT current_timestamp() ON UPDATE current_timestamp()
) ENGINE=InnoDB DEFAULT CHARSET=utf8mb4 COLLATE=utf8mb4_spanish_ci;

--
-- Volcado de datos para la tabla `cam_camaras_usuarios`
--

INSERT INTO `cam_camaras_usuarios` (`id`, `id_camara`, `usuario`, `contrasena`, `nota`, `creacion`, `actualizacion`) VALUES
(1, 2, 'admin', '20Gc#Tumbes25', '', '2026-01-22 23:33:57', '2026-01-22 23:33:57'),
(2, 3, 'admin', '20#TumbesOm25', '', '2026-01-22 23:34:20', '2026-01-22 23:34:20'),
(3, 4, 'admin', '211412junio', '192.168.18.112   1012 192.168.18.215   2015', '2026-01-23 16:28:45', '2026-01-23 16:28:45'),
(4, 10, 'sutran', 'acceso@2026LC', '', '2026-02-03 16:54:39', '2026-02-03 16:54:39'),
(5, 10, 'admin', '211412junio', '', '2026-02-03 16:54:51', '2026-02-03 16:54:51'),
(6, 12, 'sutran', 'accesoLC@26', 'por configurar', '2026-02-03 17:33:31', '2026-02-03 17:33:31'),
(7, 12, 'admin', '211412junio', '', '2026-02-03 17:33:49', '2026-02-03 17:33:49');

-- --------------------------------------------------------

--
-- Estructura de tabla para la tabla `cam_hdd`
--

CREATE TABLE `cam_hdd` (
  `id` int(10) UNSIGNED NOT NULL,
  `id_camara` int(10) UNSIGNED NOT NULL,
  `marca` varchar(100) NOT NULL,
  `nro_serie` varchar(100) NOT NULL,
  `capacidad_gb` int(10) UNSIGNED NOT NULL,
  `estado` enum('INSTALADO','RETIRADO') NOT NULL DEFAULT 'INSTALADO',
  `fecha_instalacion` datetime NOT NULL,
  `nota_instalacion` varchar(500) DEFAULT NULL,
  `fecha_retiro` datetime DEFAULT NULL,
  `responsable_retiro` varchar(150) DEFAULT NULL,
  `fecha_inicio_grab` datetime DEFAULT NULL,
  `fecha_fin_grab` datetime DEFAULT NULL,
  `nota_retiro` varchar(500) DEFAULT NULL,
  `creacion` datetime NOT NULL DEFAULT current_timestamp(),
  `actualizacion` datetime NOT NULL DEFAULT current_timestamp() ON UPDATE current_timestamp()
) ENGINE=InnoDB DEFAULT CHARSET=utf8mb4 COLLATE=utf8mb4_spanish_ci;

--
-- Volcado de datos para la tabla `cam_hdd`
--

INSERT INTO `cam_hdd` (`id`, `id_camara`, `marca`, `nro_serie`, `capacidad_gb`, `estado`, `fecha_instalacion`, `nota_instalacion`, `fecha_retiro`, `responsable_retiro`, `fecha_inicio_grab`, `fecha_fin_grab`, `nota_retiro`, `creacion`, `actualizacion`) VALUES
(1, 2, 'WD PURPLE', '00200148', 3072, 'INSTALADO', '2026-01-19 12:02:00', '', NULL, NULL, NULL, NULL, NULL, '2026-01-23 12:03:19', '2026-01-23 12:03:19'),
(2, 3, 'WD PURPLE', '00200148', 4096, 'INSTALADO', '2026-01-08 18:36:00', '', NULL, NULL, NULL, NULL, NULL, '2026-01-23 12:37:43', '2026-01-23 12:37:43'),
(3, 6, 'WD PURPLE', '22302371', 4096, 'RETIRADO', '2024-05-02 10:11:00', '', '2026-01-28 19:45:00', 'LUIGI VILLANUEVA PEREZ', '2024-05-16 11:00:00', '2026-01-28 18:00:00', 'Se colocó un HDD pequeño de 1TB, va a durar unos 5 meses', '2026-01-23 13:02:23', '2026-01-28 19:45:41'),
(4, 4, 'WD PURPLE', '22302371', 3072, 'RETIRADO', '2025-09-15 18:48:00', '', '2026-02-11 08:53:00', 'MIGUEL GUTIERREZ', '2025-09-15 18:48:00', '2026-02-11 15:01:00', '', '2026-01-23 13:08:28', '2026-02-11 08:53:20'),
(5, 7, 'WD PURPLE', '00200148', 3072, 'INSTALADO', '2025-02-25 17:27:00', '', NULL, NULL, NULL, NULL, NULL, '2026-01-26 08:22:59', '2026-01-26 08:22:59'),
(6, 11, 'WD PURPLE', '00200148', 4096, 'INSTALADO', '2025-01-30 08:33:00', '', NULL, NULL, NULL, NULL, NULL, '2026-01-26 08:28:02', '2026-01-26 08:28:02'),
(7, 17, 'WD PURPLE', '00200148', 3072, 'INSTALADO', '2025-09-19 18:21:00', '', NULL, NULL, NULL, NULL, NULL, '2026-01-26 08:29:51', '2026-01-26 08:30:04'),
(8, 10, 'WD PURPLE', '00200148', 4096, 'RETIRADO', '2025-05-30 08:11:00', '', '2026-01-28 19:55:00', 'WILLIAM TI - JUAN CARLOS PINON ADM SC PUCALLPA', '2025-05-30 08:09:00', '2026-01-28 18:30:00', 'El ex COTI William apoyó en el retiro del disco.', '2026-01-26 08:34:12', '2026-01-28 19:55:26'),
(9, 12, 'WD PURPLE', '00200148', 3072, 'INSTALADO', '2025-06-23 17:52:00', '', NULL, NULL, NULL, NULL, NULL, '2026-01-26 08:53:55', '2026-01-26 08:53:55'),
(10, 8, 'WD PURPLE', '00200148', 3072, 'INSTALADO', '2025-09-02 16:15:00', '', NULL, NULL, NULL, NULL, NULL, '2026-01-26 09:50:37', '2026-01-26 09:50:37'),
(11, 13, 'WD PURPLE', '00200148', 4096, 'INSTALADO', '2025-05-19 14:44:00', '', NULL, NULL, NULL, NULL, NULL, '2026-01-26 09:52:50', '2026-01-26 09:52:50'),
(12, 14, 'WD PURPLE', '00200148', 3072, 'INSTALADO', '2025-11-06 17:53:00', '', NULL, NULL, NULL, NULL, NULL, '2026-01-26 09:55:26', '2026-01-26 09:55:26'),
(13, 5, 'WD PURPLE', '00200148', 3072, 'INSTALADO', '2025-10-13 17:56:00', '', NULL, NULL, NULL, NULL, NULL, '2026-01-26 09:57:05', '2026-01-26 09:57:05'),
(14, 16, 'WD PURPLE', '00200148', 4096, 'RETIRADO', '2025-03-17 18:40:00', '', '2026-02-11 09:08:00', 'MIGUEL GUTIERREZ', '2025-03-17 18:40:00', '2026-02-06 17:56:00', '', '2026-01-26 10:00:03', '2026-02-11 09:08:35'),
(15, 9, 'WD PURPLE', '00200148', 4, 'INSTALADO', '2025-07-07 18:15:00', '', NULL, NULL, NULL, NULL, NULL, '2026-01-26 10:12:30', '2026-01-26 10:12:30'),
(16, 6, 'WD PURPLE', 'WX72D123KKAX', 953344, 'INSTALADO', '2026-01-28 18:00:00', 'DVR pequeño 1 TB durará 5 meses aprox', NULL, NULL, NULL, NULL, NULL, '2026-01-28 19:49:05', '2026-01-28 19:49:05'),
(17, 10, 'WD PURPLE', 'sin definir', 2794, 'INSTALADO', '2026-01-28 18:30:00', 'WILLIAM TI - JUAN CARLOS PINON ADM SC PUCALLPA', NULL, NULL, NULL, NULL, NULL, '2026-01-28 19:58:13', '2026-01-28 19:58:13'),
(18, 4, 'WD PURPLE', '00200148', 3072, 'INSTALADO', '2026-02-10 17:55:00', '', NULL, NULL, NULL, NULL, NULL, '2026-02-11 08:53:44', '2026-02-11 09:09:28'),
(19, 16, 'WD PURPLE', '00200148', 6144, 'INSTALADO', '2026-02-06 17:57:00', '', NULL, NULL, NULL, NULL, NULL, '2026-02-11 09:09:19', '2026-02-11 09:09:19');

-- --------------------------------------------------------

--
-- Estructura de tabla para la tabla `cam_hdd_consumo`
--

CREATE TABLE `cam_hdd_consumo` (
  `id` int(10) UNSIGNED NOT NULL,
  `id_hdd` int(10) UNSIGNED NOT NULL,
  `fecha_dia` date NOT NULL,
  `fecha_registro` datetime NOT NULL,
  `tipo` enum('LIBRE','USADO') NOT NULL DEFAULT 'LIBRE',
  `valor_gb` int(10) UNSIGNED NOT NULL,
  `nota` varchar(255) DEFAULT NULL,
  `creacion` datetime NOT NULL DEFAULT current_timestamp(),
  `actualizacion` datetime NOT NULL DEFAULT current_timestamp() ON UPDATE current_timestamp()
) ENGINE=InnoDB DEFAULT CHARSET=utf8mb4 COLLATE=utf8mb4_spanish_ci;

--
-- Volcado de datos para la tabla `cam_hdd_consumo`
--

INSERT INTO `cam_hdd_consumo` (`id`, `id_hdd`, `fecha_dia`, `fecha_registro`, `tipo`, `valor_gb`, `nota`, `creacion`, `actualizacion`) VALUES
(1, 1, '2026-01-23', '2026-01-23 12:03:00', 'LIBRE', 2722, '', '2026-01-23 12:03:33', '2026-01-23 12:03:33'),
(2, 2, '2026-01-23', '2026-01-23 12:37:00', 'LIBRE', 3447, '', '2026-01-23 12:38:01', '2026-01-23 12:38:01'),
(4, 3, '2026-01-23', '2026-01-23 13:02:00', 'LIBRE', 68, '', '2026-01-23 13:02:32', '2026-01-23 13:02:32'),
(5, 4, '2026-01-23', '2026-01-23 13:08:00', 'LIBRE', 473, '', '2026-01-23 13:08:34', '2026-01-23 13:08:34'),
(6, 5, '2026-01-26', '2026-01-26 08:22:00', 'LIBRE', 494, '', '2026-01-26 08:23:05', '2026-01-26 08:23:05'),
(7, 6, '2026-01-26', '2026-01-26 08:28:00', 'LIBRE', 2606, '', '2026-01-26 08:28:11', '2026-01-26 08:28:11'),
(8, 7, '2026-01-26', '2026-01-26 08:30:00', 'LIBRE', 1866, '', '2026-01-26 08:30:09', '2026-01-26 08:30:09'),
(9, 8, '2026-01-26', '2026-01-26 09:02:00', 'LIBRE', 68, '', '2026-01-26 08:34:17', '2026-01-26 09:02:44'),
(10, 9, '2026-01-26', '2026-01-26 08:54:00', 'LIBRE', 1708, '', '2026-01-26 08:54:06', '2026-01-26 08:54:06'),
(12, 2, '2026-01-26', '2026-01-26 09:07:00', 'LIBRE', 3407, '', '2026-01-26 09:06:34', '2026-01-26 09:07:36'),
(13, 1, '2026-01-26', '2026-01-26 09:07:00', 'LIBRE', 2679, '', '2026-01-26 09:07:12', '2026-01-26 09:07:12'),
(15, 10, '2026-01-26', '2026-01-26 09:50:00', 'LIBRE', 1634, '', '2026-01-26 09:50:43', '2026-01-26 09:50:43'),
(16, 11, '2026-01-26', '2026-01-26 09:52:00', 'LIBRE', 1792, '', '2026-01-26 09:52:55', '2026-01-26 09:52:55'),
(17, 12, '2026-01-26', '2026-01-26 09:55:00', 'LIBRE', 1213, '', '2026-01-26 09:55:30', '2026-01-26 09:55:30'),
(18, 13, '2026-01-26', '2026-01-26 09:57:00', 'LIBRE', 1904, '', '2026-01-26 09:57:10', '2026-01-26 09:57:10'),
(19, 14, '2026-01-26', '2026-01-26 10:00:00', 'LIBRE', 153, '', '2026-01-26 10:00:06', '2026-01-26 10:00:06'),
(20, 4, '2026-01-26', '2026-01-26 10:09:00', 'LIBRE', 394, '', '2026-01-26 10:10:39', '2026-01-26 10:10:39'),
(21, 15, '2026-01-26', '2026-01-26 10:12:00', 'LIBRE', 1365, '', '2026-01-26 10:12:34', '2026-01-26 10:12:34'),
(22, 3, '2026-01-26', '2026-01-26 11:09:00', 'LIBRE', 47, '', '2026-01-26 11:09:31', '2026-01-26 11:09:31'),
(23, 2, '2026-01-27', '2026-01-27 08:28:00', 'LIBRE', 3389, '', '2026-01-27 08:28:40', '2026-01-27 08:28:40'),
(24, 3, '2026-01-27', '2026-01-27 08:29:00', 'LIBRE', 41, '', '2026-01-27 08:29:44', '2026-01-27 08:29:44'),
(25, 5, '2026-01-27', '2026-01-27 08:32:00', 'LIBRE', 488, '', '2026-01-27 08:32:38', '2026-01-27 08:32:38'),
(26, 6, '2026-01-27', '2026-01-27 09:04:00', 'LIBRE', 2600, '', '2026-01-27 09:04:44', '2026-01-27 09:04:44'),
(27, 9, '2026-01-27', '2026-01-27 09:04:00', 'LIBRE', 1702, '', '2026-01-27 09:04:56', '2026-01-27 09:04:56'),
(28, 8, '2026-01-27', '2026-01-27 09:05:00', 'LIBRE', 44, '', '2026-01-27 09:05:34', '2026-01-27 09:05:34'),
(29, 4, '2026-01-27', '2026-01-27 09:40:00', 'LIBRE', 362, '', '2026-01-27 09:41:07', '2026-01-27 09:41:07'),
(30, 10, '2026-01-27', '2026-01-27 09:44:00', 'LIBRE', 1624, '', '2026-01-27 09:44:57', '2026-01-27 09:44:57'),
(31, 12, '2026-01-27', '2026-01-27 09:45:00', 'LIBRE', 1190, '', '2026-01-27 09:45:22', '2026-01-27 09:45:22'),
(32, 11, '2026-01-27', '2026-01-27 09:45:00', 'LIBRE', 1782, '', '2026-01-27 09:45:32', '2026-01-27 09:45:32'),
(33, 13, '2026-01-27', '2026-01-27 09:47:00', 'LIBRE', 1895, '', '2026-01-27 09:47:33', '2026-01-27 09:47:33'),
(34, 15, '2026-01-27', '2026-01-27 09:47:00', 'LIBRE', 1348, '', '2026-01-27 09:47:44', '2026-01-27 09:47:44'),
(35, 14, '2026-01-27', '2026-01-27 09:47:00', 'LIBRE', 142, '', '2026-01-27 09:47:54', '2026-01-27 09:47:54'),
(36, 7, '2026-01-27', '2026-01-27 09:49:00', 'LIBRE', 1855, '', '2026-01-27 09:53:02', '2026-01-27 09:53:02'),
(37, 1, '2026-01-27', '2026-01-27 10:19:00', 'LIBRE', 2663, '', '2026-01-27 10:21:58', '2026-01-27 10:21:58'),
(38, 1, '2026-01-28', '2026-01-28 08:43:00', 'LIBRE', 2649, '', '2026-01-28 08:43:36', '2026-01-28 08:43:36'),
(39, 2, '2026-01-28', '2026-01-28 08:43:00', 'LIBRE', 3371, '', '2026-01-28 08:43:43', '2026-01-28 08:43:43'),
(40, 3, '2026-01-28', '2026-01-28 08:44:00', 'LIBRE', 29, '', '2026-01-28 08:44:02', '2026-01-28 08:44:02'),
(41, 5, '2026-01-28', '2026-01-28 08:44:00', 'LIBRE', 480, '', '2026-01-28 08:44:08', '2026-01-28 08:44:08'),
(42, 8, '2026-01-28', '2026-01-28 08:44:00', 'LIBRE', 24, '', '2026-01-28 08:44:35', '2026-01-28 08:44:35'),
(43, 6, '2026-01-28', '2026-01-28 08:44:00', 'LIBRE', 2596, '', '2026-01-28 08:44:46', '2026-01-28 08:44:46'),
(44, 9, '2026-01-28', '2026-01-28 08:44:00', 'LIBRE', 1697, '', '2026-01-28 08:45:00', '2026-01-28 08:45:00'),
(45, 4, '2026-01-28', '2026-01-28 08:45:00', 'LIBRE', 334, '', '2026-01-28 08:45:10', '2026-01-28 08:45:10'),
(46, 10, '2026-01-28', '2026-01-28 08:45:00', 'LIBRE', 1615, '', '2026-01-28 08:45:27', '2026-01-28 08:45:27'),
(47, 11, '2026-01-28', '2026-01-28 08:45:00', 'LIBRE', 1773, '', '2026-01-28 08:45:47', '2026-01-28 08:45:47'),
(48, 12, '2026-01-28', '2026-01-28 08:45:00', 'LIBRE', 1170, '', '2026-01-28 08:45:52', '2026-01-28 08:45:52'),
(49, 7, '2026-01-28', '2026-01-28 08:45:00', 'LIBRE', 1849, '', '2026-01-28 08:46:03', '2026-01-28 08:46:03'),
(50, 13, '2026-01-28', '2026-01-28 08:46:00', 'LIBRE', 1886, '', '2026-01-28 08:46:17', '2026-01-28 08:46:17'),
(51, 15, '2026-01-28', '2026-01-28 08:46:00', 'LIBRE', 1334, '', '2026-01-28 08:46:23', '2026-01-28 08:46:23'),
(52, 14, '2026-01-28', '2026-01-28 08:46:00', 'LIBRE', 129, '', '2026-01-28 08:46:29', '2026-01-28 08:46:29'),
(53, 16, '2026-01-28', '2026-01-28 18:00:00', 'LIBRE', 911, '', '2026-01-28 19:49:50', '2026-01-28 19:49:50'),
(54, 17, '2026-01-28', '2026-01-28 18:48:00', 'LIBRE', 2748, '', '2026-01-28 19:58:48', '2026-01-28 19:58:48'),
(55, 1, '2026-01-29', '2026-01-29 10:58:00', 'LIBRE', 2633, '', '2026-01-29 10:58:59', '2026-01-29 10:59:06'),
(57, 2, '2026-01-29', '2026-01-29 10:59:00', 'LIBRE', 3350, '', '2026-01-29 10:59:15', '2026-01-29 10:59:15'),
(58, 16, '2026-01-29', '2026-01-29 10:59:00', 'LIBRE', 906, '', '2026-01-29 10:59:25', '2026-01-29 10:59:25'),
(59, 5, '2026-01-29', '2026-01-29 10:59:00', 'LIBRE', 475, '', '2026-01-29 10:59:34', '2026-01-29 10:59:34'),
(60, 17, '2026-01-29', '2026-01-29 10:59:00', 'LIBRE', 2739, '', '2026-01-29 11:00:16', '2026-01-29 11:00:16'),
(61, 6, '2026-01-29', '2026-01-29 11:00:00', 'LIBRE', 2591, '', '2026-01-29 11:00:29', '2026-01-29 11:00:29'),
(62, 9, '2026-01-29', '2026-01-29 11:00:00', 'LIBRE', 1691, '', '2026-01-29 11:01:03', '2026-01-29 11:01:03'),
(63, 4, '2026-01-29', '2026-01-29 11:01:00', 'LIBRE', 301, '', '2026-01-29 11:02:06', '2026-01-29 11:02:06'),
(64, 11, '2026-01-29', '2026-01-29 11:02:00', 'LIBRE', 1765, '', '2026-01-29 11:02:40', '2026-01-29 11:02:40'),
(65, 12, '2026-01-29', '2026-01-29 11:02:00', 'LIBRE', 1148, '', '2026-01-29 11:03:23', '2026-01-29 11:03:23'),
(66, 10, '2026-01-29', '2026-01-29 11:03:00', 'LIBRE', 1606, '', '2026-01-29 11:03:56', '2026-01-29 11:03:56'),
(67, 13, '2026-01-29', '2026-01-29 11:04:00', 'LIBRE', 1876, '', '2026-01-29 11:04:29', '2026-01-29 11:04:29'),
(68, 7, '2026-01-29', '2026-01-29 11:04:00', 'LIBRE', 1841, '', '2026-01-29 11:04:41', '2026-01-29 11:04:41'),
(69, 15, '2026-01-29', '2026-01-29 11:04:00', 'LIBRE', 1319, '', '2026-01-29 11:04:50', '2026-01-29 11:04:50'),
(70, 14, '2026-01-29', '2026-01-29 16:58:00', 'LIBRE', 112, '', '2026-01-29 16:58:27', '2026-01-29 16:58:27'),
(71, 1, '2026-02-02', '2026-02-02 08:58:00', 'LIBRE', 2575, '', '2026-02-04 08:59:09', '2026-02-04 08:59:09'),
(72, 1, '2026-02-03', '2026-02-03 08:59:00', 'LIBRE', 2562, '', '2026-02-04 08:59:28', '2026-02-04 08:59:28'),
(73, 1, '2026-02-04', '2026-02-04 08:59:00', 'LIBRE', 2544, '', '2026-02-04 08:59:31', '2026-02-04 08:59:31'),
(74, 2, '2026-02-02', '2026-02-02 08:59:00', 'LIBRE', 3288, '', '2026-02-04 08:59:52', '2026-02-04 08:59:52'),
(75, 2, '2026-02-03', '2026-02-03 08:59:00', 'LIBRE', 3266, '', '2026-02-04 08:59:59', '2026-02-04 08:59:59'),
(76, 2, '2026-02-04', '2026-02-04 08:59:00', 'LIBRE', 3250, '', '2026-02-04 09:00:02', '2026-02-04 09:00:02'),
(77, 16, '2026-02-02', '2026-02-02 09:00:00', 'LIBRE', 878, '', '2026-02-04 09:00:26', '2026-02-04 09:00:26'),
(78, 16, '2026-02-03', '2026-02-03 09:00:00', 'LIBRE', 867, '', '2026-02-04 09:00:40', '2026-02-04 09:00:40'),
(79, 16, '2026-02-04', '2026-02-04 09:00:00', 'LIBRE', 858, '', '2026-02-04 09:00:44', '2026-02-04 09:00:44'),
(80, 5, '2026-02-02', '2026-02-02 09:00:00', 'LIBRE', 459, '', '2026-02-04 09:00:57', '2026-02-04 09:00:57'),
(81, 5, '2026-02-03', '2026-02-03 09:00:00', 'LIBRE', 451, '', '2026-02-04 09:01:04', '2026-02-04 09:01:04'),
(82, 5, '2026-02-04', '2026-02-04 09:01:00', 'LIBRE', 443, '', '2026-02-04 09:01:12', '2026-02-04 09:01:12'),
(83, 17, '2026-02-02', '2026-02-02 09:01:00', 'LIBRE', 2671, '', '2026-02-04 09:01:43', '2026-02-04 09:01:43'),
(84, 17, '2026-02-03', '2026-02-03 09:01:00', 'LIBRE', 2647, '', '2026-02-04 09:01:49', '2026-02-04 09:01:49'),
(85, 17, '2026-02-04', '2026-02-04 09:01:00', 'LIBRE', 2624, '', '2026-02-04 09:01:55', '2026-02-04 09:01:55'),
(86, 6, '2026-02-02', '2026-02-02 09:02:00', 'LIBRE', 2584, '', '2026-02-04 09:02:24', '2026-02-04 09:02:24'),
(87, 6, '2026-02-03', '2026-02-03 09:02:00', 'LIBRE', 2579, '', '2026-02-04 09:02:30', '2026-02-04 09:02:30'),
(88, 6, '2026-02-04', '2026-02-04 09:02:00', 'LIBRE', 2574, '', '2026-02-04 09:02:35', '2026-02-04 09:02:35'),
(89, 9, '2026-02-02', '2026-02-02 09:02:00', 'LIBRE', 1673, '', '2026-02-04 09:02:52', '2026-02-04 09:02:52'),
(90, 9, '2026-02-03', '2026-02-03 09:02:00', 'LIBRE', 1668, '', '2026-02-04 09:02:59', '2026-02-04 09:02:59'),
(91, 9, '2026-02-04', '2026-02-04 09:02:00', 'LIBRE', 1663, '', '2026-02-04 09:03:03', '2026-02-04 09:03:03'),
(92, 4, '2026-02-02', '2026-02-02 09:04:00', 'LIBRE', 182, '', '2026-02-04 09:04:51', '2026-02-04 09:04:51'),
(93, 4, '2026-02-03', '2026-02-03 09:04:00', 'LIBRE', 151, '', '2026-02-04 09:04:59', '2026-02-04 09:04:59'),
(94, 4, '2026-02-04', '2026-02-04 09:04:00', 'LIBRE', 120, '', '2026-02-04 09:05:03', '2026-02-04 09:05:03'),
(95, 10, '2026-02-02', '2026-02-02 09:05:00', 'LIBRE', 1576, '', '2026-02-04 09:05:17', '2026-02-04 09:05:17'),
(96, 10, '2026-02-03', '2026-02-03 09:05:00', 'LIBRE', 1567, '', '2026-02-04 09:05:23', '2026-02-04 09:05:23'),
(97, 10, '2026-02-04', '2026-02-04 09:05:00', 'LIBRE', 1557, '', '2026-02-04 09:05:28', '2026-02-04 09:05:28'),
(98, 11, '2026-02-02', '2026-02-02 09:05:00', 'LIBRE', 1736, '', '2026-02-04 09:05:52', '2026-02-04 09:05:52'),
(99, 11, '2026-02-03', '2026-02-03 09:05:00', 'LIBRE', 1726, '', '2026-02-04 09:05:58', '2026-02-04 09:05:58'),
(100, 11, '2026-02-04', '2026-02-04 09:05:00', 'LIBRE', 1717, '', '2026-02-04 09:06:02', '2026-02-04 09:06:02'),
(101, 12, '2026-02-02', '2026-02-02 09:06:00', 'LIBRE', 1090, '', '2026-02-04 09:06:12', '2026-02-04 09:06:12'),
(102, 12, '2026-02-03', '2026-02-03 09:06:00', 'LIBRE', 1068, '', '2026-02-04 09:06:18', '2026-02-04 09:06:18'),
(103, 12, '2026-02-04', '2026-02-04 09:06:00', 'LIBRE', 1047, '', '2026-02-04 09:06:22', '2026-02-04 09:06:22'),
(104, 7, '2026-02-02', '2026-02-02 09:06:00', 'LIBRE', 1814, '', '2026-02-04 09:06:37', '2026-02-04 09:06:37'),
(105, 7, '2026-02-03', '2026-02-03 09:06:00', 'LIBRE', 1805, '', '2026-02-04 09:06:43', '2026-02-04 09:06:43'),
(106, 7, '2026-02-04', '2026-02-04 09:06:00', 'LIBRE', 1797, '', '2026-02-04 09:06:49', '2026-02-04 09:06:49'),
(107, 13, '2026-02-02', '2026-02-02 09:06:00', 'LIBRE', 1838, '', '2026-02-04 09:07:07', '2026-02-04 09:07:07'),
(108, 13, '2026-02-03', '2026-02-03 09:07:00', 'LIBRE', 1830, '', '2026-02-04 09:07:13', '2026-02-04 09:07:13'),
(109, 13, '2026-02-04', '2026-02-04 09:07:00', 'LIBRE', 1818, '', '2026-02-04 09:07:16', '2026-02-04 09:07:16'),
(110, 15, '2026-02-02', '2026-02-02 09:07:00', 'LIBRE', 1277, '', '2026-02-04 09:07:28', '2026-02-04 09:07:28'),
(111, 15, '2026-02-03', '2026-02-03 09:07:00', 'LIBRE', 1261, '', '2026-02-04 09:07:33', '2026-02-04 09:07:33'),
(112, 15, '2026-02-04', '2026-02-04 09:07:00', 'LIBRE', 1247, '', '2026-02-04 09:07:36', '2026-02-04 09:07:36'),
(113, 14, '2026-02-02', '2026-02-02 09:07:00', 'LIBRE', 76, '', '2026-02-04 09:07:43', '2026-02-04 09:07:43'),
(114, 14, '2026-02-03', '2026-02-03 09:07:00', 'LIBRE', 63, '', '2026-02-04 09:07:48', '2026-02-04 09:07:48'),
(115, 14, '2026-02-04', '2026-02-04 09:07:00', 'LIBRE', 54, '', '2026-02-04 09:08:05', '2026-02-04 09:08:05'),
(116, 1, '2026-02-05', '2026-02-05 08:45:00', 'LIBRE', 2528, '', '2026-02-11 08:45:24', '2026-02-11 08:45:39'),
(118, 1, '2026-02-06', '2026-02-06 08:45:00', 'LIBRE', 2513, '', '2026-02-11 08:45:49', '2026-02-11 08:45:49'),
(119, 1, '2026-02-09', '2026-02-09 08:45:00', 'LIBRE', 2468, '', '2026-02-11 08:48:41', '2026-02-11 08:48:41'),
(120, 1, '2026-02-10', '2026-02-10 08:48:00', 'LIBRE', 2452, '', '2026-02-11 08:48:50', '2026-02-11 08:48:50'),
(121, 4, '2026-02-05', '2026-02-05 08:49:00', 'LIBRE', 88, '', '2026-02-11 08:50:13', '2026-02-11 08:50:13'),
(122, 4, '2026-02-06', '2026-02-06 08:50:00', 'LIBRE', 57, '', '2026-02-11 08:50:20', '2026-02-11 08:50:20'),
(123, 4, '2026-02-16', '2026-02-16 08:50:00', 'LIBRE', 2, '', '2026-02-11 08:50:35', '2026-02-11 08:50:35'),
(124, 4, '2026-02-10', '2026-02-10 08:50:00', 'LIBRE', 0, '', '2026-02-11 08:50:41', '2026-02-11 08:50:41'),
(125, 18, '2026-02-11', '2026-02-11 08:53:00', 'LIBRE', 2789, '', '2026-02-11 08:53:51', '2026-02-11 08:53:51'),
(126, 5, '2026-02-05', '2026-02-05 09:02:00', 'LIBRE', 435, '', '2026-02-11 09:03:12', '2026-02-11 09:03:12'),
(127, 5, '2026-02-06', '2026-02-06 09:03:00', 'LIBRE', 428, '', '2026-02-11 09:03:20', '2026-02-11 09:03:20'),
(128, 5, '2026-02-09', '2026-02-09 09:03:00', 'LIBRE', 416, '', '2026-02-11 09:03:28', '2026-02-11 09:03:28'),
(129, 5, '2026-02-10', '2026-02-10 09:03:00', 'LIBRE', 408, '', '2026-02-11 09:03:34', '2026-02-11 09:03:34'),
(130, 5, '2026-02-11', '2026-02-11 09:03:00', 'LIBRE', 401, '', '2026-02-11 09:03:39', '2026-02-11 09:03:39'),
(131, 9, '2026-02-05', '2026-02-05 09:03:00', 'LIBRE', 1658, '', '2026-02-11 09:04:02', '2026-02-11 09:04:02'),
(132, 9, '2026-02-06', '2026-02-06 09:04:00', 'LIBRE', 1654, '', '2026-02-11 09:04:10', '2026-02-11 09:04:10'),
(133, 9, '2026-02-09', '2026-02-09 09:04:00', 'LIBRE', 1641, '', '2026-02-11 09:04:19', '2026-02-11 09:04:19'),
(134, 9, '2026-02-10', '2026-02-10 09:04:00', 'LIBRE', 1637, '', '2026-02-11 09:04:24', '2026-02-11 09:04:24'),
(135, 9, '2026-02-11', '2026-02-11 09:04:00', 'LIBRE', 1631, '', '2026-02-11 09:04:30', '2026-02-11 09:04:30'),
(136, 7, '2026-02-05', '2026-02-05 09:04:00', 'LIBRE', 1787, '', '2026-02-11 09:04:50', '2026-02-11 09:04:50'),
(137, 7, '2026-02-06', '2026-02-06 09:04:00', 'LIBRE', 1781, '', '2026-02-11 09:04:57', '2026-02-11 09:04:57'),
(138, 7, '2026-02-09', '2026-02-09 09:04:00', 'LIBRE', 1761, '', '2026-02-11 09:05:04', '2026-02-11 09:05:04'),
(139, 7, '2026-02-10', '2026-02-10 09:05:00', 'LIBRE', 1753, '', '2026-02-11 09:05:09', '2026-02-11 09:05:09'),
(140, 7, '2026-02-11', '2026-02-11 12:55:00', 'LIBRE', 1745, '', '2026-02-11 09:05:27', '2026-02-12 12:55:26'),
(141, 14, '2026-02-05', '2026-02-05 09:06:00', 'LIBRE', 42, '', '2026-02-11 09:06:12', '2026-02-11 09:06:30'),
(143, 14, '2026-02-06', '2026-02-06 09:06:00', 'LIBRE', 32, '', '2026-02-11 09:06:39', '2026-02-11 09:06:39'),
(144, 19, '2026-02-09', '2026-02-09 09:09:00', 'LIBRE', 5532, '', '2026-02-11 09:10:27', '2026-02-11 09:10:27'),
(145, 19, '2026-02-10', '2026-02-10 09:10:00', 'LIBRE', 5520, '', '2026-02-11 09:10:37', '2026-02-11 09:10:37'),
(146, 19, '2026-02-11', '2026-02-11 09:10:00', 'LIBRE', 5509, '', '2026-02-11 09:10:53', '2026-02-11 09:10:53'),
(147, 2, '2026-02-05', '2026-02-05 09:11:00', 'LIBRE', 3228, '', '2026-02-11 09:11:56', '2026-02-11 09:11:56'),
(148, 2, '2026-02-06', '2026-02-06 09:11:00', 'LIBRE', 3211, '', '2026-02-11 09:12:02', '2026-02-11 09:12:02'),
(149, 2, '2026-02-09', '2026-02-09 09:12:00', 'LIBRE', 3170, '', '2026-02-11 09:12:09', '2026-02-11 09:12:09'),
(150, 2, '2026-02-10', '2026-02-10 09:12:00', 'LIBRE', 3150, '', '2026-02-11 09:12:18', '2026-02-11 09:12:18'),
(151, 16, '2026-02-05', '2026-02-05 09:13:00', 'LIBRE', 847, '', '2026-02-11 09:13:51', '2026-02-11 09:13:51'),
(152, 16, '2026-02-06', '2026-02-06 09:13:00', 'LIBRE', 837, '', '2026-02-11 09:13:57', '2026-02-11 09:13:57'),
(153, 16, '2026-02-09', '2026-02-09 09:13:00', 'LIBRE', 816, '', '2026-02-11 09:14:03', '2026-02-11 09:14:03'),
(154, 16, '2026-02-10', '2026-02-10 09:14:00', 'LIBRE', 807, '', '2026-02-11 09:14:10', '2026-02-11 09:14:10'),
(155, 17, '2026-02-05', '2026-02-05 09:21:00', 'LIBRE', 2602, '', '2026-02-11 09:21:56', '2026-02-11 09:21:56'),
(156, 17, '2026-02-06', '2026-02-06 09:21:00', 'LIBRE', 2581, '', '2026-02-11 09:22:02', '2026-02-11 09:22:02'),
(157, 17, '2026-02-09', '2026-02-09 09:22:00', 'LIBRE', 2527, '', '2026-02-11 09:22:49', '2026-02-11 09:22:49'),
(158, 17, '2026-02-10', '2026-02-10 09:22:00', 'LIBRE', 2502, '', '2026-02-11 09:22:59', '2026-02-11 09:22:59'),
(159, 6, '2026-02-05', '2026-02-05 09:23:00', 'LIBRE', 2569, '', '2026-02-11 09:24:07', '2026-02-11 09:24:07'),
(160, 6, '2026-02-06', '2026-02-06 09:24:00', 'LIBRE', 2565, '', '2026-02-11 09:24:13', '2026-02-11 09:24:13'),
(161, 6, '2026-02-09', '2026-02-09 09:24:00', 'LIBRE', 2559, '', '2026-02-11 09:24:20', '2026-02-11 09:24:20'),
(162, 6, '2026-02-10', '2026-02-10 09:24:00', 'LIBRE', 2555, '', '2026-02-11 09:24:24', '2026-02-11 09:24:24'),
(163, 10, '2026-02-05', '2026-02-05 09:24:00', 'LIBRE', 1546, '', '2026-02-11 09:24:45', '2026-02-11 09:24:45'),
(164, 10, '2026-02-06', '2026-02-06 09:24:00', 'LIBRE', 1538, '', '2026-02-11 09:24:51', '2026-02-11 09:24:51'),
(165, 10, '2026-02-09', '2026-02-09 09:24:00', 'LIBRE', 1521, '', '2026-02-11 09:24:57', '2026-02-11 09:24:57'),
(166, 10, '2026-02-10', '2026-02-10 09:24:00', 'LIBRE', 1510, '', '2026-02-11 09:25:02', '2026-02-11 09:25:02'),
(167, 11, '2026-02-05', '2026-02-05 09:25:00', 'LIBRE', 1706, '', '2026-02-11 09:25:18', '2026-02-11 09:25:58'),
(169, 11, '2026-02-06', '2026-02-06 09:25:00', 'LIBRE', 1698, '', '2026-02-11 09:26:09', '2026-02-11 09:26:09'),
(170, 11, '2026-02-09', '2026-02-09 09:26:00', 'LIBRE', 1683, '', '2026-02-11 09:26:15', '2026-02-11 09:26:15'),
(171, 11, '2026-02-10', '2026-02-10 09:26:00', 'LIBRE', 1672, '', '2026-02-11 09:26:23', '2026-02-11 09:26:23'),
(172, 12, '2026-02-05', '2026-02-05 09:26:00', 'LIBRE', 1020, '', '2026-02-11 09:26:35', '2026-02-11 09:26:35'),
(173, 12, '2026-02-06', '2026-02-06 09:26:00', 'LIBRE', 998, '', '2026-02-11 09:26:41', '2026-02-11 09:26:41'),
(174, 12, '2026-02-09', '2026-02-09 09:26:00', 'LIBRE', 957, '', '2026-02-11 09:26:48', '2026-02-11 09:26:48'),
(175, 12, '2026-02-10', '2026-02-10 09:26:00', 'LIBRE', 933, '', '2026-02-11 09:26:54', '2026-02-11 09:26:54'),
(176, 13, '2026-02-05', '2026-02-05 09:27:00', 'LIBRE', 1810, '', '2026-02-11 09:27:30', '2026-02-11 09:27:30'),
(177, 13, '2026-02-06', '2026-02-06 09:27:00', 'LIBRE', 1801, '', '2026-02-11 09:27:37', '2026-02-11 09:27:37'),
(178, 13, '2026-02-09', '2026-02-09 09:27:00', 'LIBRE', 1777, '', '2026-02-11 09:27:44', '2026-02-11 09:27:44'),
(179, 13, '2026-02-10', '2026-02-10 09:27:00', 'LIBRE', 1768, '', '2026-02-11 09:27:49', '2026-02-11 09:27:49'),
(180, 15, '2026-02-05', '2026-02-05 09:28:00', 'LIBRE', 1232, '', '2026-02-11 09:28:03', '2026-02-11 09:28:18'),
(182, 15, '2026-02-06', '2026-02-06 09:28:00', 'LIBRE', 1219, '', '2026-02-11 09:28:24', '2026-02-11 09:28:24'),
(183, 15, '2026-02-09', '2026-02-09 09:28:00', 'LIBRE', 1194, '', '2026-02-11 09:28:34', '2026-02-11 09:28:34'),
(184, 15, '2026-02-10', '2026-02-10 09:28:00', 'LIBRE', 1179, '', '2026-02-11 09:28:39', '2026-02-11 09:28:39'),
(185, 1, '2026-02-11', '2026-02-11 12:48:00', 'LIBRE', 2431, '', '2026-02-12 12:49:06', '2026-02-12 12:49:06'),
(186, 1, '2026-02-12', '2026-02-12 12:49:00', 'LIBRE', 2418, '', '2026-02-12 12:49:11', '2026-02-12 12:49:11'),
(187, 2, '2026-02-11', '2026-02-11 12:49:00', 'LIBRE', 3126, '', '2026-02-12 12:49:24', '2026-02-12 12:49:24'),
(188, 2, '2026-02-12', '2026-02-12 12:49:00', 'LIBRE', 3111, '', '2026-02-12 12:49:29', '2026-02-12 12:49:29'),
(189, 16, '2026-02-11', '2026-02-11 12:49:00', 'LIBRE', 794, '', '2026-02-12 12:49:43', '2026-02-12 12:49:43'),
(190, 16, '2026-02-12', '2026-02-12 12:49:00', 'LIBRE', 786, '', '2026-02-12 12:49:52', '2026-02-12 12:49:52'),
(191, 5, '2026-02-12', '2026-02-12 12:50:00', 'LIBRE', 391, '', '2026-02-12 12:50:02', '2026-02-12 12:50:17'),
(193, 17, '2026-02-11', '2026-02-11 12:50:00', 'LIBRE', 2471, '', '2026-02-12 12:50:44', '2026-02-12 12:50:44'),
(194, 17, '2026-02-12', '2026-02-12 12:50:00', 'LIBRE', 2453, '', '2026-02-12 12:50:48', '2026-02-12 12:50:48'),
(195, 6, '2026-02-11', '2026-02-11 12:51:00', 'LIBRE', 2549, '', '2026-02-12 12:51:19', '2026-02-12 12:51:19'),
(196, 6, '2026-02-12', '2026-02-12 12:51:00', 'LIBRE', 2544, '', '2026-02-12 12:51:29', '2026-02-12 12:51:29'),
(197, 9, '2026-02-12', '2026-02-12 12:51:00', 'LIBRE', 1625, '', '2026-02-12 12:51:48', '2026-02-12 12:51:48'),
(198, 18, '2026-02-12', '2026-02-12 12:52:00', 'LIBRE', 2780, '', '2026-02-12 12:52:45', '2026-02-12 12:52:45'),
(199, 12, '2026-02-11', '2026-02-11 12:52:00', 'LIBRE', 903, '', '2026-02-12 12:53:00', '2026-02-12 12:53:00'),
(200, 12, '2026-02-13', '2026-02-13 10:04:00', 'LIBRE', 859, '', '2026-02-12 12:53:07', '2026-02-18 10:04:42'),
(201, 11, '2026-02-11', '2026-02-11 10:03:00', 'LIBRE', 1662, '', '2026-02-12 12:53:36', '2026-02-18 10:03:58'),
(202, 11, '2026-02-12', '2026-02-12 10:01:00', 'LIBRE', 1652, '', '2026-02-12 12:53:39', '2026-02-18 10:01:55'),
(203, 12, '2026-02-12', '2026-02-12 12:53:00', 'LIBRE', 879, '', '2026-02-12 12:54:16', '2026-02-12 12:54:16'),
(204, 10, '2026-02-11', '2026-02-11 12:54:00', 'LIBRE', 1497, '', '2026-02-12 12:54:52', '2026-02-12 12:54:52'),
(205, 10, '2026-02-12', '2026-02-12 12:54:00', 'LIBRE', 1488, '', '2026-02-12 12:55:03', '2026-02-12 12:55:03'),
(207, 7, '2026-02-13', '2026-02-13 10:05:00', 'LIBRE', 1728, '', '2026-02-12 12:55:38', '2026-02-18 10:05:23'),
(208, 13, '2026-02-11', '2026-02-11 12:55:00', 'LIBRE', 1757, '', '2026-02-12 12:56:00', '2026-02-12 12:56:00'),
(209, 13, '2026-02-13', '2026-02-13 10:06:00', 'LIBRE', 1739, '', '2026-02-12 12:56:26', '2026-02-18 10:06:08'),
(210, 13, '2026-02-12', '2026-02-12 12:56:00', 'LIBRE', 1745, '', '2026-02-12 12:56:34', '2026-02-12 12:56:34'),
(211, 7, '2026-02-12', '2026-02-12 12:56:00', 'LIBRE', 1781, '', '2026-02-12 12:57:04', '2026-02-12 12:57:04'),
(212, 15, '2026-02-11', '2026-02-11 12:57:00', 'LIBRE', 1160, '', '2026-02-12 12:57:46', '2026-02-12 12:57:46'),
(213, 15, '2026-02-12', '2026-02-12 12:57:00', 'LIBRE', 1149, '', '2026-02-12 12:57:56', '2026-02-12 12:57:56'),
(214, 19, '2026-02-12', '2026-02-12 12:58:00', 'LIBRE', 5494, '', '2026-02-12 12:58:18', '2026-02-12 12:58:18'),
(215, 1, '2026-02-13', '2026-02-13 09:34:00', 'LIBRE', 2404, '', '2026-02-18 09:35:11', '2026-02-18 09:35:11'),
(216, 1, '2026-02-16', '2026-02-16 09:35:00', 'LIBRE', 2358, '', '2026-02-18 09:35:21', '2026-02-18 09:35:29'),
(218, 1, '2026-02-17', '2026-02-17 09:35:00', 'LIBRE', 2341, '', '2026-02-18 09:35:37', '2026-02-18 09:35:37'),
(219, 1, '2026-02-18', '2026-02-18 09:35:00', 'LIBRE', 2325, '', '2026-02-18 09:35:41', '2026-02-18 09:35:41'),
(220, 2, '2026-02-13', '2026-02-13 09:35:00', 'LIBRE', 3096, '', '2026-02-18 09:35:59', '2026-02-18 09:35:59'),
(221, 2, '2026-02-16', '2026-02-16 09:35:00', 'LIBRE', 3056, '', '2026-02-18 09:36:21', '2026-02-18 09:36:21'),
(222, 2, '2026-02-17', '2026-02-17 09:36:00', 'LIBRE', 3035, '', '2026-02-18 09:36:28', '2026-02-18 09:36:28'),
(223, 2, '2026-02-18', '2026-02-18 09:36:00', 'LIBRE', 3016, '', '2026-02-18 09:36:35', '2026-02-18 09:36:35'),
(224, 16, '2026-02-13', '2026-02-13 09:38:00', 'LIBRE', 777, '', '2026-02-18 09:38:53', '2026-02-18 09:38:53'),
(225, 16, '2026-02-16', '2026-02-16 09:38:00', 'LIBRE', 758, '', '2026-02-18 09:39:37', '2026-02-18 09:39:37'),
(226, 16, '2026-02-17', '2026-02-17 09:39:00', 'LIBRE', 749, '', '2026-02-18 09:39:44', '2026-02-18 09:39:44'),
(227, 16, '2026-02-18', '2026-02-18 09:39:00', 'LIBRE', 740, '', '2026-02-18 09:39:48', '2026-02-18 09:39:48'),
(228, 5, '2026-02-13', '2026-02-13 09:41:00', 'LIBRE', 382, '', '2026-02-18 09:41:23', '2026-02-18 09:48:05'),
(230, 5, '2026-02-16', '2026-02-16 09:48:00', 'LIBRE', 365, '', '2026-02-18 09:48:15', '2026-02-18 09:48:15'),
(231, 5, '2026-02-17', '2026-02-17 09:48:00', 'LIBRE', 357, '', '2026-02-18 09:48:21', '2026-02-18 09:48:21'),
(232, 5, '2026-02-18', '2026-02-18 09:48:00', 'LIBRE', 346, '', '2026-02-18 09:48:25', '2026-02-18 09:48:25'),
(233, 17, '2026-02-13', '2026-02-13 09:49:00', 'LIBRE', 2432, '', '2026-02-18 09:49:51', '2026-02-18 09:49:51'),
(234, 17, '2026-02-16', '2026-02-16 09:49:00', 'LIBRE', 2378, '', '2026-02-18 09:50:00', '2026-02-18 09:50:00'),
(235, 17, '2026-02-17', '2026-02-17 09:50:00', 'LIBRE', 2355, '', '2026-02-18 09:50:09', '2026-02-18 09:50:09'),
(236, 17, '2026-02-18', '2026-02-18 09:50:00', 'LIBRE', 2333, '', '2026-02-18 09:50:14', '2026-02-18 09:50:14'),
(237, 6, '2026-02-13', '2026-02-13 09:50:00', 'LIBRE', 2541, '', '2026-02-18 09:50:33', '2026-02-18 09:50:33'),
(238, 6, '2026-02-16', '2026-02-16 09:50:00', 'LIBRE', 2535, '', '2026-02-18 09:50:40', '2026-02-18 09:50:40'),
(239, 6, '2026-02-17', '2026-02-17 09:50:00', 'LIBRE', 2532, '', '2026-02-18 09:50:45', '2026-02-18 09:50:45'),
(240, 6, '2026-02-18', '2026-02-18 09:50:00', 'LIBRE', 2526, '', '2026-02-18 09:50:52', '2026-02-18 09:50:52'),
(241, 9, '2026-02-13', '2026-02-13 09:51:00', 'LIBRE', 1621, '', '2026-02-18 09:51:12', '2026-02-18 09:51:12'),
(242, 9, '2026-02-16', '2026-02-16 09:51:00', 'LIBRE', 1608, '', '2026-02-18 09:51:20', '2026-02-18 09:51:20'),
(243, 9, '2026-02-17', '2026-02-17 09:51:00', 'LIBRE', 1603, '', '2026-02-18 09:51:26', '2026-02-18 09:51:26'),
(244, 9, '2026-02-18', '2026-02-18 09:51:00', 'LIBRE', 1597, '', '2026-02-18 09:51:32', '2026-02-18 09:51:32'),
(245, 18, '2026-02-13', '2026-02-13 09:51:00', 'LIBRE', 2771, '', '2026-02-18 09:51:51', '2026-02-18 09:51:51'),
(246, 18, '2026-02-17', '2026-02-17 09:51:00', 'LIBRE', 2750, '', '2026-02-18 09:52:04', '2026-02-18 09:52:04'),
(247, 18, '2026-02-18', '2026-02-18 09:52:00', 'LIBRE', 2740, '', '2026-02-18 09:52:09', '2026-02-18 09:52:09'),
(248, 10, '2026-02-13', '2026-02-13 10:00:00', 'LIBRE', 1482, '', '2026-02-18 10:00:17', '2026-02-18 10:00:17'),
(249, 10, '2026-02-16', '2026-02-16 10:00:00', 'LIBRE', 1464, '', '2026-02-18 10:00:22', '2026-02-18 10:00:22'),
(250, 10, '2026-02-17', '2026-02-17 10:00:00', 'LIBRE', 1452, '', '2026-02-18 10:00:27', '2026-02-18 10:00:27'),
(251, 10, '2026-02-18', '2026-02-18 10:00:00', 'LIBRE', 1444, '', '2026-02-18 10:00:32', '2026-02-18 10:00:32'),
(252, 11, '2026-02-13', '2026-02-13 10:03:00', 'LIBRE', 1645, '', '2026-02-18 10:01:02', '2026-02-18 10:03:42'),
(253, 11, '2026-02-16', '2026-02-16 10:01:00', 'LIBRE', 1629, '', '2026-02-18 10:01:09', '2026-02-18 10:01:09'),
(254, 11, '2026-02-17', '2026-02-17 10:01:00', 'LIBRE', 1619, '', '2026-02-18 10:01:15', '2026-02-18 10:01:15'),
(255, 11, '2026-02-18', '2026-02-18 10:01:00', 'LIBRE', 1610, '', '2026-02-18 10:01:19', '2026-02-18 10:01:19'),
(263, 12, '2026-02-16', '2026-02-16 10:04:00', 'LIBRE', 813, '', '2026-02-18 10:04:49', '2026-02-18 10:04:49'),
(264, 12, '2026-02-17', '2026-02-17 10:04:00', 'LIBRE', 786, '', '2026-02-18 10:04:55', '2026-02-18 10:04:55'),
(265, 12, '2026-02-18', '2026-02-18 10:04:00', 'LIBRE', 762, '', '2026-02-18 10:04:59', '2026-02-18 10:04:59'),
(267, 7, '2026-02-16', '2026-02-16 10:05:00', 'LIBRE', 1710, '', '2026-02-18 10:05:29', '2026-02-18 10:05:29'),
(268, 7, '2026-02-17', '2026-02-17 10:05:00', 'LIBRE', 1705, '', '2026-02-18 10:05:33', '2026-02-18 10:05:33'),
(269, 7, '2026-02-18', '2026-02-18 10:05:00', 'LIBRE', 1693, '', '2026-02-18 10:05:39', '2026-02-18 10:05:39'),
(271, 13, '2026-02-16', '2026-02-16 10:06:00', 'LIBRE', 1715, '', '2026-02-18 10:06:13', '2026-02-18 10:06:13'),
(272, 13, '2026-02-17', '2026-02-17 10:06:00', 'LIBRE', 1705, '', '2026-02-18 10:06:20', '2026-02-18 10:06:20'),
(273, 13, '2026-02-18', '2026-02-18 10:06:00', 'LIBRE', 1697, '', '2026-02-18 10:06:28', '2026-02-18 10:06:28'),
(274, 15, '2026-02-13', '2026-02-13 10:06:00', 'LIBRE', 1136, '', '2026-02-18 10:06:39', '2026-02-18 10:06:39'),
(275, 15, '2026-02-16', '2026-02-16 10:06:00', 'LIBRE', 1111, '', '2026-02-18 10:06:45', '2026-02-18 10:06:45'),
(276, 15, '2026-02-17', '2026-02-17 10:06:00', 'LIBRE', 1099, '', '2026-02-18 10:06:50', '2026-02-18 10:06:50'),
(277, 15, '2026-02-18', '2026-02-18 10:06:00', 'LIBRE', 1090, '', '2026-02-18 10:06:55', '2026-02-18 10:06:55'),
(278, 19, '2026-02-13', '2026-02-13 10:06:00', 'LIBRE', 5485, '', '2026-02-18 10:07:06', '2026-02-18 10:07:06'),
(279, 19, '2026-02-16', '2026-02-16 10:07:00', 'LIBRE', 5453, '', '2026-02-18 10:07:11', '2026-02-18 10:07:11'),
(280, 19, '2026-02-17', '2026-02-17 10:07:00', 'LIBRE', 5441, '', '2026-02-18 10:07:16', '2026-02-18 10:07:16'),
(281, 19, '2026-02-18', '2026-02-18 10:07:00', 'LIBRE', 5431, '', '2026-02-18 10:07:21', '2026-02-18 10:07:21');

-- --------------------------------------------------------

--
-- Estructura de tabla para la tabla `ce_componentes`
--

CREATE TABLE `ce_componentes` (
  `id` int(10) UNSIGNED NOT NULL,
  `plantilla_id` int(10) UNSIGNED NOT NULL,
  `tipo` enum('TEXT','TEXTAREA','NUMBER','DATE','BOOL','SELECT','STATIC_TEXT','STATIC_IMAGE','NUMERACION') NOT NULL,
  `nombre` varchar(60) DEFAULT NULL,
  `etiqueta` varchar(120) DEFAULT NULL,
  `requerido` tinyint(1) NOT NULL DEFAULT 0,
  `orden` smallint(5) UNSIGNED NOT NULL DEFAULT 0,
  `texto_fijo` text DEFAULT NULL,
  `imagen_path` varchar(255) DEFAULT NULL,
  `num_prefijo` varchar(20) DEFAULT NULL,
  `num_longitud` smallint(5) UNSIGNED DEFAULT NULL,
  `num_siguiente` int(10) UNSIGNED DEFAULT NULL,
  `min_len` smallint(5) UNSIGNED DEFAULT NULL,
  `max_len` smallint(5) UNSIGNED DEFAULT NULL,
  `activo` tinyint(1) NOT NULL DEFAULT 1,
  `creado` datetime NOT NULL DEFAULT current_timestamp(),
  `actualizado` datetime NOT NULL DEFAULT current_timestamp() ON UPDATE current_timestamp()
) ENGINE=InnoDB DEFAULT CHARSET=utf8mb4 COLLATE=utf8mb4_spanish_ci;

-- --------------------------------------------------------

--
-- Estructura de tabla para la tabla `ce_componente_opciones`
--

CREATE TABLE `ce_componente_opciones` (
  `id` int(10) UNSIGNED NOT NULL,
  `componente_id` int(10) UNSIGNED NOT NULL,
  `valor` varchar(120) NOT NULL,
  `etiqueta` varchar(120) NOT NULL,
  `orden` smallint(5) UNSIGNED NOT NULL DEFAULT 0,
  `activo` tinyint(1) NOT NULL DEFAULT 1
) ENGINE=InnoDB DEFAULT CHARSET=utf8mb4 COLLATE=utf8mb4_spanish_ci;

-- --------------------------------------------------------

--
-- Estructura de tabla para la tabla `ce_plantillas`
--

CREATE TABLE `ce_plantillas` (
  `id` int(10) UNSIGNED NOT NULL,
  `nombre` varchar(150) NOT NULL,
  `orientacion` enum('H','V') NOT NULL DEFAULT 'H',
  `creado_por` int(10) UNSIGNED NOT NULL,
  `creado` datetime NOT NULL DEFAULT current_timestamp(),
  `actualizado` datetime NOT NULL DEFAULT current_timestamp() ON UPDATE current_timestamp()
) ENGINE=InnoDB DEFAULT CHARSET=utf8mb4 COLLATE=utf8mb4_spanish_ci;

-- --------------------------------------------------------

--
-- Estructura de tabla para la tabla `cm_discos`
--

CREATE TABLE `cm_discos` (
  `id` int(10) UNSIGNED NOT NULL,
  `disco_total` int(10) UNSIGNED NOT NULL,
  `disco_restante` int(10) UNSIGNED DEFAULT NULL,
  `ultimo_cambio` datetime DEFAULT NULL
) ENGINE=InnoDB DEFAULT CHARSET=utf8mb4 COLLATE=utf8mb4_spanish_ci;

--
-- Volcado de datos para la tabla `cm_discos`
--

INSERT INTO `cm_discos` (`id`, `disco_total`, `disco_restante`, `ultimo_cambio`) VALUES
(1, 2794, 2722, '2026-01-19 11:54:00');

-- --------------------------------------------------------

--
-- Estructura de tabla para la tabla `cm_dvr`
--

CREATE TABLE `cm_dvr` (
  `id` int(10) UNSIGNED NOT NULL,
  `principal_usuario` varchar(100) NOT NULL,
  `principal_clave` varchar(255) NOT NULL,
  `sutran_usuario` varchar(100) DEFAULT NULL,
  `sutran_clave` varchar(255) DEFAULT NULL,
  `link_remoto` varchar(255) DEFAULT NULL,
  `link_local` varchar(255) DEFAULT NULL,
  `id_disco_actual` int(10) UNSIGNED DEFAULT NULL,
  `total_camaras` tinyint(3) UNSIGNED NOT NULL DEFAULT 0
) ENGINE=InnoDB DEFAULT CHARSET=utf8mb4 COLLATE=utf8mb4_spanish_ci;

--
-- Volcado de datos para la tabla `cm_dvr`
--

INSERT INTO `cm_dvr` (`id`, `principal_usuario`, `principal_clave`, `sutran_usuario`, `sutran_clave`, `link_remoto`, `link_local`, `id_disco_actual`, `total_camaras`) VALUES
(1, 'admin', '20Gc#Tumbes25', 'sutran', 'SUT@05gc25', 'http://sctumbes.dvrdns.org:2000/', 'http://192.68.0.200:2000', 1, 5);

-- --------------------------------------------------------

--
-- Estructura de tabla para la tabla `cm_dvr_disco`
--

CREATE TABLE `cm_dvr_disco` (
  `id` int(10) UNSIGNED NOT NULL,
  `id_dvr` int(10) UNSIGNED NOT NULL,
  `id_disco` int(10) UNSIGNED NOT NULL,
  `fecha_instalacion` datetime NOT NULL,
  `fecha_retiro` datetime DEFAULT NULL
) ENGINE=InnoDB DEFAULT CHARSET=utf8mb4 COLLATE=utf8mb4_spanish_ci;

--
-- Volcado de datos para la tabla `cm_dvr_disco`
--

INSERT INTO `cm_dvr_disco` (`id`, `id_dvr`, `id_disco`, `fecha_instalacion`, `fecha_retiro`) VALUES
(1, 1, 1, '2026-01-23 11:54:53', NULL);

-- --------------------------------------------------------

--
-- Estructura de tabla para la tabla `cm_dvr_empresa`
--

CREATE TABLE `cm_dvr_empresa` (
  `id_dvr` int(10) UNSIGNED NOT NULL,
  `id_empresa` int(10) UNSIGNED NOT NULL
) ENGINE=InnoDB DEFAULT CHARSET=utf8mb4 COLLATE=utf8mb4_spanish_ci;

--
-- Volcado de datos para la tabla `cm_dvr_empresa`
--

INSERT INTO `cm_dvr_empresa` (`id_dvr`, `id_empresa`) VALUES
(1, 4);

-- --------------------------------------------------------

--
-- Estructura de tabla para la tabla `cm_dvr_medicion`
--

CREATE TABLE `cm_dvr_medicion` (
  `id` int(10) UNSIGNED NOT NULL,
  `id_dvr` int(10) UNSIGNED NOT NULL,
  `id_disco` int(10) UNSIGNED DEFAULT NULL,
  `fecha` date NOT NULL,
  `libre_gb` int(10) UNSIGNED NOT NULL,
  `capturado_por` int(10) UNSIGNED DEFAULT NULL,
  `nota` varchar(200) DEFAULT NULL,
  `creado` datetime NOT NULL DEFAULT current_timestamp()
) ENGINE=InnoDB DEFAULT CHARSET=utf8mb4 COLLATE=utf8mb4_spanish_ci;

-- --------------------------------------------------------

--
-- Estructura de tabla para la tabla `com_comunicados`
--

CREATE TABLE `com_comunicados` (
  `id` int(10) UNSIGNED NOT NULL,
  `titulo` varchar(300) NOT NULL,
  `cuerpo` longtext DEFAULT NULL,
  `imagen_path` varchar(255) DEFAULT NULL,
  `fecha_inicio` datetime DEFAULT NULL,
  `fecha_fin` datetime DEFAULT NULL,
  `fecha_limite` datetime DEFAULT NULL,
  `activo` tinyint(1) NOT NULL DEFAULT 1,
  `creado` datetime NOT NULL DEFAULT current_timestamp(),
  `actualizado` datetime NOT NULL DEFAULT current_timestamp() ON UPDATE current_timestamp()
) ENGINE=InnoDB DEFAULT CHARSET=utf8mb4 COLLATE=utf8mb4_spanish_ci;

-- --------------------------------------------------------

--
-- Estructura de tabla para la tabla `com_comunicado_target`
--

CREATE TABLE `com_comunicado_target` (
  `id` int(10) UNSIGNED NOT NULL,
  `comunicado_id` int(10) UNSIGNED NOT NULL,
  `tipo` enum('TODOS','USUARIO','ROL','EMPRESA','EMPRESA_ROL') NOT NULL,
  `usuario_id` int(10) UNSIGNED DEFAULT NULL,
  `rol_id` int(10) UNSIGNED DEFAULT NULL,
  `empresa_id` int(10) UNSIGNED DEFAULT NULL,
  `creado` datetime NOT NULL DEFAULT current_timestamp(),
  `actualizado` datetime NOT NULL DEFAULT current_timestamp() ON UPDATE current_timestamp()
) ENGINE=InnoDB DEFAULT CHARSET=utf8mb4 COLLATE=utf8mb4_spanish_ci;

-- --------------------------------------------------------

--
-- Estructura de tabla para la tabla `com_comunicado_vista`
--

CREATE TABLE `com_comunicado_vista` (
  `id` int(10) UNSIGNED NOT NULL,
  `comunicado_id` int(10) UNSIGNED NOT NULL,
  `usuario_id` int(10) UNSIGNED NOT NULL,
  `visto` tinyint(1) NOT NULL DEFAULT 0,
  `leido` tinyint(1) NOT NULL DEFAULT 0,
  `visto_en` datetime DEFAULT NULL,
  `leido_en` datetime DEFAULT NULL,
  `creado` datetime NOT NULL DEFAULT current_timestamp(),
  `actualizado` datetime NOT NULL DEFAULT current_timestamp() ON UPDATE current_timestamp()
) ENGINE=InnoDB DEFAULT CHARSET=utf8mb4 COLLATE=utf8mb4_spanish_ci;

-- --------------------------------------------------------

--
-- Estructura de tabla para la tabla `cq_categorias_licencia`
--

CREATE TABLE `cq_categorias_licencia` (
  `id` smallint(5) UNSIGNED NOT NULL,
  `codigo` varchar(10) NOT NULL,
  `tipo_categoria` char(1) NOT NULL
) ENGINE=InnoDB DEFAULT CHARSET=utf8mb4 COLLATE=utf8mb4_spanish_ci;

--
-- Volcado de datos para la tabla `cq_categorias_licencia`
--

INSERT INTO `cq_categorias_licencia` (`id`, `codigo`, `tipo_categoria`) VALUES
(1, 'A-I', 'A'),
(2, 'A-IIa', 'A'),
(3, 'A-IIb', 'A'),
(4, 'A-IIIa', 'A'),
(5, 'A-IIIb', 'A'),
(6, 'A-IIIc', 'A'),
(7, 'B-I', 'B'),
(8, 'B-IIa', 'B'),
(9, 'B-IIb', 'B'),
(10, 'B-IIc', 'B');

-- --------------------------------------------------------

--
-- Estructura de tabla para la tabla `cq_certificados`
--

CREATE TABLE `cq_certificados` (
  `id` int(10) UNSIGNED NOT NULL,
  `id_empresa` int(10) UNSIGNED NOT NULL,
  `id_usuario_emisor` int(10) UNSIGNED NOT NULL,
  `id_curso` int(10) UNSIGNED NOT NULL,
  `id_plantilla_certificado` int(10) UNSIGNED NOT NULL,
  `id_tipo_doc` tinyint(3) UNSIGNED NOT NULL,
  `id_categoria_licencia` smallint(5) UNSIGNED DEFAULT NULL,
  `correlativo_empresa` int(10) UNSIGNED NOT NULL,
  `codigo_certificado` varchar(16) NOT NULL,
  `nombres_cliente` varchar(100) NOT NULL,
  `apellidos_cliente` varchar(100) NOT NULL,
  `documento_cliente` varchar(20) NOT NULL,
  `fecha_emision` date NOT NULL,
  `fecha_inicio` date DEFAULT NULL,
  `fecha_fin` date DEFAULT NULL,
  `horas_teoricas` smallint(5) UNSIGNED DEFAULT NULL,
  `horas_practicas` smallint(5) UNSIGNED DEFAULT NULL,
  `estado` enum('Activo','Inactivo','Vencido') NOT NULL DEFAULT 'Activo',
  `codigo_qr` char(32) NOT NULL,
  `creado` datetime NOT NULL DEFAULT current_timestamp(),
  `actualizado` datetime NOT NULL DEFAULT current_timestamp() ON UPDATE current_timestamp()
) ENGINE=InnoDB DEFAULT CHARSET=utf8mb4 COLLATE=utf8mb4_spanish_ci;

--
-- Volcado de datos para la tabla `cq_certificados`
--

INSERT INTO `cq_certificados` (`id`, `id_empresa`, `id_usuario_emisor`, `id_curso`, `id_plantilla_certificado`, `id_tipo_doc`, `id_categoria_licencia`, `correlativo_empresa`, `codigo_certificado`, `nombres_cliente`, `apellidos_cliente`, `documento_cliente`, `fecha_emision`, `fecha_inicio`, `fecha_fin`, `horas_teoricas`, `horas_practicas`, `estado`, `codigo_qr`, `creado`, `actualizado`) VALUES
(1, 2, 2, 1, 1, 1, 3, 1, '000001', 'ALMA DE JESUS', 'SANTOS ALVAREZ', '48067143', '2026-01-22', '2026-01-22', '2026-01-22', 4, 4, 'Inactivo', 'ec3fb180616bc7f086fe3bab40d00765', '2026-01-22 16:19:35', '2026-01-22 16:32:45'),
(2, 3, 3, 14, 3, 1, 4, 1, '000001', 'WILMER HERNAN', 'YOVERA SILVA', '03698061', '2026-01-23', '2026-01-21', '2026-01-23', 6, 6, 'Activo', 'f370c8ba169fa484d8cc234695f3d744', '2026-01-23 09:08:05', '2026-01-23 09:08:05'),
(3, 3, 3, 1, 3, 1, 6, 2, '000002', 'JUAN FRANCISCO', 'ALBURQUEQUE LOPEZ', '03854874', '2026-01-26', '2026-01-23', '2026-01-24', 6, 6, 'Activo', '45f651e28f38ba40d9cbed30bb3bd7e1', '2026-01-26 11:56:19', '2026-01-26 11:56:19'),
(4, 3, 3, 1, 3, 1, 6, 3, '000003', 'MARCO ARNALDO', 'BRICEÑO REYES', '05643219', '2026-01-26', '2026-01-23', '2026-01-24', 6, 6, 'Activo', 'a52afa8785fc538f54f4427f69200e76', '2026-01-26 11:58:25', '2026-01-26 11:58:25'),
(5, 3, 3, 1, 3, 1, 6, 4, '000004', 'PALOMINO RUIZ', 'JORGE LUIS', '02671304', '2026-01-26', '2026-01-23', '2026-01-24', 6, 6, 'Activo', 'f0af93f8fdb9bf517b68217eed7f236f', '2026-01-26 11:59:55', '2026-01-26 11:59:55'),
(6, 3, 3, 1, 3, 1, 6, 5, '000005', 'DARWIN IVAN', 'ASANZA MOGOLLON', '40599123', '2026-01-24', '2026-01-23', '2026-01-24', 6, 6, 'Activo', '1ba77549fe6395383117281e0b8a7fcd', '2026-01-26 12:24:28', '2026-01-26 12:24:28'),
(7, 3, 3, 27, 3, 1, 6, 6, '000006', 'DARWIN IVAN', 'ASANZA MOGOLLON', '40599123', '2026-01-10', '2026-01-09', '2026-01-10', 6, 6, 'Activo', 'd4822ed0d68c18e0da5e8172657b85ee', '2026-01-26 12:31:10', '2026-01-26 12:44:49'),
(8, 3, 3, 28, 3, 1, 6, 7, '000007', 'DARWIN IVAN', 'ASANZA MOGOLLON', '40599123', '2026-01-17', '2026-01-16', '2026-01-17', 6, 6, 'Activo', 'ffb5a0021e3f4d7d13ad29ff3c6da367', '2026-01-26 12:32:08', '2026-01-26 12:32:08'),
(9, 3, 3, 1, 3, 1, 6, 8, '000008', 'JOSE GUALBERTO', 'AYALA MARCELO', '02897891', '2026-01-24', '2026-01-23', '2026-01-24', 6, 6, 'Activo', 'b6607da40a27da9c56baf75244b64740', '2026-01-26 12:36:28', '2026-01-26 12:36:28'),
(10, 3, 3, 27, 3, 1, 6, 9, '000009', 'JOSE GUALBERTO', 'AYALA MARCELO', '02897891', '2026-01-10', '2026-01-09', '2026-01-10', 6, 6, 'Activo', 'cc45ef7012896c833e28500e69b8bbd6', '2026-01-26 12:37:16', '2026-01-26 12:49:18'),
(11, 3, 3, 28, 3, 1, 6, 10, '000010', 'JOSE GUALBERTO', 'AYALA MARCELO', '02897891', '2026-01-17', '2026-01-16', '2026-01-17', 6, 6, 'Activo', '7aa4176b7cf9ab5b27d821dba298594c', '2026-01-26 12:39:29', '2026-01-26 12:49:22'),
(12, 3, 3, 1, 3, 1, 6, 11, '000011', 'JAIME ALBERTO', 'VALLADARES VEGA', '03890902', '2026-01-24', '2026-01-23', '2026-01-24', 6, 6, 'Activo', 'd6fb6a63169f269f330fc2e3fb0c8677', '2026-01-26 12:41:31', '2026-01-26 12:41:31'),
(13, 3, 3, 28, 3, 1, 6, 12, '000012', 'JAIME ALBERTO', 'VALLADARES VEGA', '03890902', '2026-01-17', '2026-01-16', '2026-01-17', 6, 6, 'Activo', '4be9e74a8d760ac95958bb5cbba2021b', '2026-01-26 12:42:57', '2026-01-26 12:45:12'),
(14, 3, 3, 27, 3, 1, 6, 13, '000013', 'JAIME ALBERTO', 'VALLADARES VEGA', '03890902', '2026-01-10', '2026-01-09', '2026-01-10', 6, 6, 'Activo', '96311edbb3287bd95a443186e28960aa', '2026-01-26 12:43:34', '2026-01-26 12:45:06'),
(15, 2, 2, 3, 1, 1, 3, 2, '000002', 'FRANS SEGUNDO', 'LABRIN CESPEDES', '44710169', '2026-01-27', '2026-01-26', '2026-01-27', 6, 6, 'Activo', '4b7b0c94cd56fc5e09ddb2f8ae646534', '2026-01-27 09:41:02', '2026-01-27 09:41:02'),
(16, 3, 3, 1, 3, 1, 6, 14, '000014', 'LUIS ALBERTO', 'ZURITA QUINDE', '47754242', '2026-01-29', '2026-01-28', '2026-01-29', 6, 6, 'Activo', 'aba3aa92bf003b39340fc8f0751e7040', '2026-01-29 11:18:14', '2026-01-29 11:18:14'),
(17, 3, 3, 1, 3, 1, 1, 15, '000015', 'OSCAR DANY', 'VALDERRAMA ROMERO', '43734255', '2026-01-29', '2026-01-28', '2026-01-29', 6, 6, 'Activo', 'a71bdfcfc011576f51b34030a4586015', '2026-01-29 17:41:34', '2026-01-29 17:41:34'),
(18, 2, 2, 1, 1, 1, 5, 3, '000003', 'CARLOS ROBERTSON', 'DAMIAN SANTISTEBAN', '74658432', '2026-01-30', '2026-01-26', '2026-01-28', 12, 12, 'Activo', 'c57aec144fa081c6bd160042bea37ab0', '2026-01-30 07:45:01', '2026-01-30 07:45:01'),
(19, 3, 3, 7, 3, 1, 1, 16, '000016', 'LUIS GERARDO', 'OLIVOS ECHE', '71920127', '2026-01-30', '2026-01-29', '2026-01-30', 6, 6, 'Activo', '3a6e9b809eae083fa025145026555afa', '2026-01-30 09:37:41', '2026-01-30 09:37:41'),
(20, 3, 3, 27, 3, 1, 3, 17, '000017', 'EDY ALBERTO', 'PEÑA CAMPOS', '45055169', '2026-02-02', '2026-01-26', '2026-01-30', 15, 15, 'Activo', '5673c04953fbb2e2f714a2ab0d5bfbaa', '2026-02-02 12:44:39', '2026-02-02 12:47:57'),
(21, 3, 3, 1, 3, 1, 6, 18, '000018', 'LEONCIO', 'ANTON ZETA', '03697087', '2026-02-03', '2026-02-02', '2026-02-03', 6, 6, 'Activo', 'f1be5604cac3c9c47916ce072516154a', '2026-02-03 15:49:15', '2026-02-03 15:49:15'),
(22, 3, 3, 27, 3, 3, 1, 19, '000019', 'DARWIN MANUEL', 'REYES MARTINEZ', '006574673', '2026-02-02', '2026-01-26', '2026-01-30', 15, 15, 'Activo', '8c2d6a64af6e109b7f4a72d01e4761e0', '2026-02-03 17:02:03', '2026-02-03 17:02:03'),
(23, 3, 3, 1, 3, 1, 6, 20, '000020', 'ROBERTO ADRIANO', 'CASTILLO CARRASCO', '41455998', '2026-02-06', '2026-02-04', '2026-02-05', 6, 6, 'Activo', '79fb3ae58985fa44651d3ddd7e230709', '2026-02-06 18:49:10', '2026-02-06 18:49:10'),
(24, 2, 2, 1, 1, 1, 5, 4, '000004', 'REYNER', 'SANCHEZ DELGADO', '42555231', '2026-02-06', '2026-02-05', '2026-02-06', 6, 6, 'Activo', 'b18f69b4153729dcbfe64a4b65b9dc12', '2026-02-09 14:00:10', '2026-02-09 14:00:10'),
(25, 3, 3, 5, 3, 1, 6, 21, '000021', 'JUAN MANUEL', 'BOLIVAR GARCIA', '49085411', '2026-02-09', '2026-02-06', '2026-02-07', 6, 6, 'Activo', 'e8ef6aba0305abf2b73b3b6858a4c324', '2026-02-09 17:22:28', '2026-02-09 17:22:28'),
(26, 3, 3, 1, 3, 1, 1, 22, '000022', 'ALEX DANNY', 'DE LA CRUZ MACHARE', '45517922', '2026-02-10', '2026-02-09', '2026-02-10', 6, 6, 'Activo', 'f9d3663daa4bcc6f7c56fed5097a8d43', '2026-02-10 10:43:19', '2026-02-10 10:43:19'),
(27, 2, 2, 1, 1, 1, 3, 5, '000005', 'WILDER HERNAN', 'BURGOS PALACIOS', '42293768', '2026-01-21', '2026-01-19', '2026-01-21', 16, 8, 'Activo', '6e70bb7d6ad59a07a9ad56180f400d93', '2026-02-11 15:13:59', '2026-02-11 15:13:59'),
(28, 3, 3, 1, 3, 1, 6, 23, '000023', 'JORGE MARTIN', 'LALUPU RAMOS', '03853924', '2026-02-12', '2026-02-11', '2026-02-12', 6, 6, 'Activo', 'ece9828b0614b320d39566bc32e66c8c', '2026-02-12 16:27:47', '2026-02-12 16:27:47'),
(29, 3, 3, 1, 3, 1, 3, 24, '000024', 'CARLOS CESAR', 'CHUNA SARANGO', '41666917', '2026-02-12', '2026-02-11', '2026-02-12', 6, 6, 'Activo', 'db91ab994f49264795d4a802dcc9cf76', '2026-02-12 16:29:49', '2026-02-12 16:29:49'),
(30, 3, 3, 1, 3, 1, 1, 25, '000025', 'CESAR JORDY', 'RAMIREZ VARGAS MACHUCA', '72711138', '2026-02-12', '2026-02-11', '2026-02-12', 6, 6, 'Activo', 'd71820959b6f0400e853ecc7b3fd83f6', '2026-02-13 10:02:21', '2026-02-13 10:02:21'),
(31, 2, 2, 12, 1, 1, 3, 6, '000006', 'DAMIAN ALFREDO', 'MANAYAY CAJO', '47192426', '2025-12-18', '2025-12-16', '2025-12-18', 12, 12, 'Activo', '6f231c0bf8e753e1515dd2ae37af0c2c', '2026-02-16 09:52:14', '2026-02-16 09:52:14'),
(32, 2, 2, 1, 1, 1, 3, 7, '000007', 'DAMIAN ALFREDO', 'MANAYAY CAJO', '47192426', '2026-01-16', '2026-01-14', '2026-01-16', 16, 8, 'Activo', '92d7a44cab4dc87a297b692d6b42aa15', '2026-02-16 09:56:40', '2026-02-16 09:56:40'),
(33, 3, 3, 3, 3, 1, 5, 26, '000026', 'EGAR', 'ERAS SALDARRIAGA', '00328308', '2026-02-16', '2026-02-16', '2026-02-16', 8, 0, 'Activo', '7d627c21391c2b8f2486824b927a95ca', '2026-02-16 16:05:04', '2026-02-16 16:05:04'),
(34, 2, 2, 3, 1, 1, 3, 8, '000008', 'JOSE ANTONIO', 'BANCES RIOJAS', '76077953', '2026-02-17', '2026-02-17', '2026-02-17', 6, 2, 'Activo', '8e302ef5367fcab5ee3b37ede75e7e9a', '2026-02-17 17:34:27', '2026-02-17 17:34:27'),
(35, 2, 2, 3, 1, 1, 3, 9, '000009', 'JUAN DEMETRIO', 'DAMIAN BALDERA', '42372761', '2026-02-17', '2026-02-17', '2026-02-17', 6, 2, 'Activo', 'c17fee4eb463d09d9195a4ddadb93915', '2026-02-17 17:35:32', '2026-02-17 17:35:32'),
(36, 3, 3, 1, 3, 1, 6, 27, '000027', 'JESUS OMAR', 'CALDERON QUIROGA', '45926540', '2026-02-20', '2026-02-18', '2026-02-20', 6, 6, 'Activo', '6caca709711941dd9ac57569eedc4764', '2026-02-20 16:09:39', '2026-02-20 16:09:39'),
(37, 2, 2, 2, 4, 1, NULL, 10, '000010', 'JOSE PERCY', 'DIAZ CHAVARRY', '43343972', '2026-02-20', '2026-02-19', '2026-02-20', 8, 8, 'Activo', '4d591e0a4079e544ef6d8d826b4b364f', '2026-02-20 16:51:10', '2026-02-20 16:51:10'),
(38, 3, 3, 1, 3, 1, 6, 28, '000028', 'IRWING JOEL', 'PINGO CHERRE', '46222845', '2026-02-23', '2026-02-19', '2026-02-21', 6, 6, 'Activo', 'b7e06458ad2278bc0c74fc889dd6a49f', '2026-02-23 11:08:28', '2026-02-23 11:08:28'),
(39, 3, 3, 1, 3, 1, 5, 29, '000029', 'CARLOS RUBEN', 'FERIA TANDAZO', '42073094', '2026-02-23', '2026-02-20', '2026-02-21', 6, 6, 'Activo', 'e2b13b8a1188d57ff09a68a3a27a58ef', '2026-02-23 12:55:00', '2026-02-23 12:55:00'),
(40, 3, 3, 1, 3, 1, 6, 30, '000030', 'RAFAEL OMAR', 'CABRERA BURGOS', '41267088', '2026-02-02', '2026-01-30', '2026-01-31', 6, 6, 'Activo', '668bad35786f1062e899282cb03e26df', '2026-02-23 12:59:28', '2026-02-23 12:59:28'),
(41, 3, 3, 1, 3, 1, 3, 31, '000031', 'ESLEYTER MARINO', 'RIVEROS RAMIREZ', '72210715', '2026-02-23', '2026-02-20', '2026-02-21', 6, 6, 'Activo', '2b6048073fac529ea7c4b983741c4fa4', '2026-02-23 13:05:17', '2026-02-23 13:05:17'),
(42, 2, 2, 2, 4, 1, NULL, 11, '000011', 'HENRY OSWALDO', 'RAMIREZ LANDEO', '44283429', '2026-02-24', '2026-02-23', '2026-02-24', 8, 8, 'Activo', '54fae2e20426d70542f79735eb4dca68', '2026-02-25 10:47:23', '2026-02-25 10:48:38'),
(43, 2, 2, 1, 4, 1, 6, 12, '000012', 'CARLOS FRANKLIN', 'BECERRA HERNANDEZ', '43401462', '2026-02-26', '2026-02-25', '2026-02-26', 8, 4, 'Activo', '4837884c102c0a194cdfdd12472a1244', '2026-02-27 11:12:08', '2026-02-27 11:12:08'),
(44, 2, 2, 3, 4, 1, 3, 13, '000013', 'FRANKLIN', 'TORRES SUYON', '16750250', '2026-02-28', '2026-02-26', '2026-02-28', 16, 8, 'Activo', '91b9f345d6a45ccdfe4bafcc1af3206e', '2026-02-27 12:08:24', '2026-02-27 12:14:01');

-- --------------------------------------------------------

--
-- Estructura de tabla para la tabla `cq_plantillas_certificados`
--

CREATE TABLE `cq_plantillas_certificados` (
  `id` int(10) UNSIGNED NOT NULL,
  `nombre` varchar(150) NOT NULL,
  `paginas` smallint(5) UNSIGNED NOT NULL DEFAULT 1,
  `id_empresa` int(10) UNSIGNED NOT NULL,
  `representante` varchar(200) DEFAULT NULL,
  `ciudad` varchar(100) DEFAULT NULL,
  `resolucion` varchar(200) DEFAULT NULL,
  `fondo_path` varchar(255) NOT NULL,
  `logo_path` varchar(255) DEFAULT NULL,
  `firma_path` varchar(255) DEFAULT NULL,
  `activo` tinyint(1) NOT NULL DEFAULT 1,
  `creado` datetime NOT NULL DEFAULT current_timestamp(),
  `actualizado` datetime NOT NULL DEFAULT current_timestamp() ON UPDATE current_timestamp()
) ENGINE=InnoDB DEFAULT CHARSET=utf8mb4 COLLATE=utf8mb4_spanish_ci;

--
-- Volcado de datos para la tabla `cq_plantillas_certificados`
--

INSERT INTO `cq_plantillas_certificados` (`id`, `nombre`, `paginas`, `id_empresa`, `representante`, `ciudad`, `resolucion`, `fondo_path`, `logo_path`, `firma_path`, `activo`, `creado`, `actualizado`) VALUES
(1, 'GC CHICLAYO - FIRMA VICENTE', 1, 2, 'ALMA', 'Chiclayo', 'Resolución Directoral N°412-2021-MTC/17.03', 'almacen/2026/01/22/fondo_certificado/fondo-certificado-20260122T102108-a09471.png', 'almacen/2026/01/22/logo_certificado/logo-certificado-20260122T102108-682170.png', 'almacen/2026/02/17/firma_representante/firma-representante-plantilla-1-20260217T174227-6e01ef.png', 1, '2026-01-22 10:21:08', '2026-02-17 17:53:08'),
(3, 'GC PIURA - PRINCIPAL', 1, 3, 'MILCA SARAI CASTILLO SUXCE', 'Piura', 'Resolución Directoral N°0790-2023-MTC/17.03', 'almacen/2026/01/22/fondo_certificado/fondo-certificado-plantilla-3-20260122T182148-aec145.png', 'almacen/2026/01/22/logo_certificado/logo_certificado-20260122_181621-6657.png', 'almacen/2026/01/22/firma_representante/firma-representante-plantilla-3-20260122T182148-e77cf5.png', 1, '2026-01-22 18:16:21', '2026-01-22 18:21:48'),
(4, 'GC CHICLAYO - FIRMA ALMA', 1, 2, 'ALMA DE JESUS SANTOS ALVAREZ', 'Chiclayo', 'Resolución Directoral N°412-2021-MTC/17.03', 'almacen/2026/02/17/fondo_certificado/fondo_certificado-20260217_174813-3901.png', 'almacen/2026/02/17/logo_certificado/logo_certificado-20260217_174813-6372.png', 'almacen/2026/02/17/firma_representante/firma-representante-plantilla-4-20260217T175222-257068.png', 1, '2026-02-17 17:48:13', '2026-02-17 17:52:51'),
(5, 'GLobal Car La Libertad', 1, 12, 'SEGUNDO MANUEL ALVAREZ ACOSTA', 'Tujillo', '-', 'almacen/2026/02/27/fondo_certificado/fondo_certificado-20260227_091704-1517.png', 'almacen/2026/02/27/logo_certificado/logo-certificado-plantilla-5-20260227T104310-9ac317.png', 'almacen/2026/02/27/firma_representante/firma-representante-plantilla-5-20260227T103915-f355dc.png', 1, '2026-02-27 09:17:04', '2026-02-27 10:43:10');

-- --------------------------------------------------------

--
-- Estructura de tabla para la tabla `cq_plantillas_elementos`
--

CREATE TABLE `cq_plantillas_elementos` (
  `id` int(10) UNSIGNED NOT NULL,
  `id_plantilla_certificado` int(10) UNSIGNED NOT NULL,
  `codigo_elemento` varchar(50) NOT NULL,
  `creado` datetime NOT NULL DEFAULT current_timestamp()
) ENGINE=InnoDB DEFAULT CHARSET=utf8mb4 COLLATE=utf8mb4_spanish_ci;

--
-- Volcado de datos para la tabla `cq_plantillas_elementos`
--

INSERT INTO `cq_plantillas_elementos` (`id`, `id_plantilla_certificado`, `codigo_elemento`, `creado`) VALUES
(116, 1, 'plantilla_resolucion', '2026-01-22 15:39:40'),
(117, 1, 'nombre_completo', '2026-01-22 15:39:40'),
(118, 1, 'curso', '2026-01-22 15:39:40'),
(119, 1, 'detalle_curso', '2026-01-22 15:39:40'),
(120, 1, 'codigo_certificado', '2026-01-22 15:39:40'),
(121, 1, 'representante', '2026-01-22 15:39:40'),
(122, 1, 'fecha_caducidad', '2026-01-22 15:39:40'),
(123, 1, 'ciudad_fecha_emision', '2026-01-22 15:39:40'),
(124, 1, 'qr', '2026-01-22 15:39:40'),
(140, 3, 'ciudad_fecha_emision', '2026-01-22 18:16:21'),
(141, 3, 'codigo_certificado', '2026-01-22 18:16:21'),
(142, 3, 'curso', '2026-01-22 18:16:21'),
(143, 3, 'detalle_curso', '2026-01-22 18:16:21'),
(144, 3, 'fecha_caducidad', '2026-01-22 18:16:21'),
(145, 3, 'nombre_completo', '2026-01-22 18:16:21'),
(146, 3, 'plantilla_resolucion', '2026-01-22 18:16:21'),
(147, 3, 'qr', '2026-01-22 18:16:21'),
(148, 3, 'representante', '2026-01-22 18:16:21'),
(149, 4, 'ciudad_fecha_emision', '2026-02-17 17:48:13'),
(150, 4, 'codigo_certificado', '2026-02-17 17:48:13'),
(151, 4, 'curso', '2026-02-17 17:48:13'),
(152, 4, 'detalle_curso', '2026-02-17 17:48:13'),
(153, 4, 'fecha_caducidad', '2026-02-17 17:48:13'),
(154, 4, 'nombre_completo', '2026-02-17 17:48:13'),
(155, 4, 'plantilla_resolucion', '2026-02-17 17:48:13'),
(156, 4, 'qr', '2026-02-17 17:48:13'),
(157, 4, 'representante', '2026-02-17 17:48:13'),
(158, 5, 'ciudad_fecha_emision', '2026-02-27 09:17:04'),
(159, 5, 'codigo_certificado', '2026-02-27 09:17:04'),
(160, 5, 'curso', '2026-02-27 09:17:04'),
(161, 5, 'detalle_curso', '2026-02-27 09:17:04'),
(162, 5, 'fecha_caducidad', '2026-02-27 09:17:04'),
(163, 5, 'nombre_completo', '2026-02-27 09:17:04'),
(164, 5, 'plantilla_resolucion', '2026-02-27 09:17:04'),
(165, 5, 'qr', '2026-02-27 09:17:04'),
(166, 5, 'representante', '2026-02-27 09:17:04');

-- --------------------------------------------------------

--
-- Estructura de tabla para la tabla `cq_plantillas_posiciones`
--

CREATE TABLE `cq_plantillas_posiciones` (
  `id` int(10) UNSIGNED NOT NULL,
  `id_plantilla_certificado` int(10) UNSIGNED NOT NULL,
  `codigo_elemento` varchar(50) NOT NULL,
  `pagina` smallint(5) UNSIGNED NOT NULL DEFAULT 1,
  `pos_x` decimal(5,2) NOT NULL,
  `pos_y` decimal(5,2) NOT NULL,
  `ancho` decimal(5,2) NOT NULL DEFAULT 0.00,
  `ejemplo_texto` varchar(255) DEFAULT NULL,
  `font_size` smallint(5) UNSIGNED DEFAULT NULL,
  `font_bold` tinyint(1) NOT NULL DEFAULT 0,
  `font_align` char(1) DEFAULT NULL,
  `font_family` varchar(50) DEFAULT NULL,
  `font_color` varchar(7) DEFAULT NULL,
  `creado` datetime NOT NULL DEFAULT current_timestamp(),
  `actualizado` datetime NOT NULL DEFAULT current_timestamp() ON UPDATE current_timestamp()
) ENGINE=InnoDB DEFAULT CHARSET=utf8mb4 COLLATE=utf8mb4_spanish_ci;

--
-- Volcado de datos para la tabla `cq_plantillas_posiciones`
--

INSERT INTO `cq_plantillas_posiciones` (`id`, `id_plantilla_certificado`, `codigo_elemento`, `pagina`, `pos_x`, `pos_y`, `ancho`, `ejemplo_texto`, `font_size`, `font_bold`, `font_align`, `font_family`, `font_color`, `creado`, `actualizado`) VALUES
(574, 3, 'logo', 1, 12.00, 16.00, 16.00, NULL, 0, 0, NULL, NULL, NULL, '2026-01-22 18:23:03', '2026-01-22 18:23:03'),
(575, 3, 'firma', 1, 75.00, 73.00, 21.00, NULL, 0, 0, NULL, NULL, NULL, '2026-01-22 18:23:03', '2026-01-22 18:23:03'),
(576, 3, 'qr', 1, 11.00, 78.00, 12.00, NULL, 0, 0, NULL, NULL, NULL, '2026-01-22 18:23:03', '2026-01-22 18:23:03'),
(577, 3, 'plantilla_nombre', 1, 50.00, 50.00, 40.00, 'CERTIFICADO DE CAPACITACIÓN', 100, 0, 'C', NULL, '#000000', '2026-01-22 18:23:03', '2026-01-22 18:23:03'),
(578, 3, 'plantilla_resolucion', 1, 89.00, 9.00, 40.00, 'Res. Directoral N.° 123-2025-MTC/15', 80, 0, 'C', NULL, '#FFFFFF', '2026-01-22 18:23:03', '2026-01-22 18:23:03'),
(579, 3, 'nombre_completo', 1, 54.00, 34.00, 40.00, 'VILLANUEVA PEREZ LUIGI ISRAEL', 180, 1, 'C', NULL, '#B88923', '2026-01-22 18:23:03', '2026-01-22 18:23:03'),
(580, 3, 'curso', 1, 54.00, 47.00, 40.00, 'MANEJO DEFENSIVO', 150, 1, 'C', NULL, '#000000', '2026-01-22 18:23:03', '2026-01-22 18:23:03'),
(581, 3, 'detalle_curso', 1, 54.00, 54.00, 40.00, 'Identificado(a) con DNI N.º 41893357 y categoría AIIIC, ha participado en el curso realizado el 05 de noviembre de 2025, cumpliendo satisfactoriamente con una duración total de 08 horas teóricas y 08 horas prácticas.', 130, 0, 'J', NULL, '#000000', '2026-01-22 18:23:03', '2026-01-22 18:23:03'),
(582, 3, 'codigo_certificado', 1, 37.00, 79.00, 40.00, 'CERT-2025-000123', 110, 1, 'C', NULL, '#AD0000', '2026-01-22 18:23:03', '2026-01-22 18:23:03'),
(583, 3, 'representante', 1, 75.00, 85.00, 40.00, 'JUAN PEREZ GARCÍA', 110, 1, 'C', NULL, '#000000', '2026-01-22 18:23:03', '2026-01-22 18:23:03'),
(584, 3, 'fecha_caducidad', 1, 37.00, 93.00, 40.00, 'Válido hasta: 15/11/2026', 140, 0, 'C', NULL, '#000000', '2026-01-22 18:23:03', '2026-01-22 18:23:03'),
(585, 3, 'ciudad_fecha_emision', 1, 75.00, 93.00, 40.00, 'Lima, 15 de noviembre de 2025', 140, 0, 'C', NULL, '#000000', '2026-01-22 18:23:03', '2026-01-22 18:23:03'),
(586, 1, 'logo', 1, 12.00, 16.00, 16.00, NULL, 0, 0, NULL, NULL, NULL, '2026-01-27 09:53:46', '2026-01-27 09:53:46'),
(587, 1, 'firma', 1, 75.00, 76.00, 21.00, NULL, 0, 0, NULL, NULL, NULL, '2026-01-27 09:53:46', '2026-01-27 09:53:46'),
(588, 1, 'qr', 1, 11.00, 78.00, 12.00, NULL, 0, 0, NULL, NULL, NULL, '2026-01-27 09:53:46', '2026-01-27 09:53:46'),
(589, 1, 'plantilla_nombre', 1, 50.00, 50.00, 40.00, 'CERTIFICADO DE CAPACITACIÓN', 100, 0, 'C', NULL, '#000000', '2026-01-27 09:53:46', '2026-01-27 09:53:46'),
(590, 1, 'plantilla_resolucion', 1, 89.00, 9.00, 40.00, 'Res. Directoral N.° 123-2025-MTC/15', 80, 0, 'C', NULL, '#FFFFFF', '2026-01-27 09:53:46', '2026-01-27 09:53:46'),
(591, 1, 'nombre_completo', 1, 54.00, 34.00, 40.00, 'VILLANUEVA PEREZ LUIGI ISRAEL', 170, 1, 'C', NULL, '#B88923', '2026-01-27 09:53:46', '2026-01-27 09:53:46'),
(592, 1, 'curso', 1, 54.00, 47.00, 40.00, 'MANEJO DEFENSIVO', 150, 1, 'C', NULL, '#000000', '2026-01-27 09:53:46', '2026-01-27 09:53:46'),
(593, 1, 'detalle_curso', 1, 54.00, 54.00, 40.00, 'Identificado(a) con DNI N.º 41893357 y categoría AIIIC, ha participado en el curso realizado el 05 de noviembre de 2025, cumpliendo satisfactoriamente con una duración total de 08 horas teóricas y 08 horas prácticas.', 130, 0, 'J', NULL, '#000000', '2026-01-27 09:53:46', '2026-01-27 09:53:46'),
(594, 1, 'codigo_certificado', 1, 37.00, 79.00, 40.00, 'CERT-2025-000123', 110, 1, 'C', NULL, '#AD0000', '2026-01-27 09:53:46', '2026-01-27 09:53:46'),
(595, 1, 'representante', 1, 75.00, 85.00, 40.00, 'JUAN PEREZ GARCÍA', 110, 1, 'C', NULL, '#000000', '2026-01-27 09:53:46', '2026-01-27 09:53:46'),
(596, 1, 'fecha_caducidad', 1, 37.00, 93.00, 40.00, 'Válido hasta: 15/11/2026', 140, 0, 'C', NULL, '#000000', '2026-01-27 09:53:46', '2026-01-27 09:53:46'),
(597, 1, 'ciudad_fecha_emision', 1, 75.00, 93.00, 40.00, 'Lima, 15 de noviembre de 2025', 140, 0, 'C', NULL, '#000000', '2026-01-27 09:53:46', '2026-01-27 09:53:46'),
(598, 4, 'ciudad_fecha_emision', 1, 75.00, 93.00, 40.00, 'Lima, 15 de noviembre de 2025', 140, 0, 'C', NULL, '#000000', '2026-02-17 17:48:13', '2026-02-17 17:48:13'),
(599, 4, 'codigo_certificado', 1, 37.00, 79.00, 40.00, 'CERT-2025-000123', 110, 1, 'C', NULL, '#AD0000', '2026-02-17 17:48:13', '2026-02-17 17:48:13'),
(600, 4, 'curso', 1, 54.00, 47.00, 40.00, 'MANEJO DEFENSIVO', 150, 1, 'C', NULL, '#000000', '2026-02-17 17:48:13', '2026-02-17 17:48:13'),
(601, 4, 'detalle_curso', 1, 54.00, 54.00, 40.00, 'Identificado(a) con DNI N.º 41893357 y categoría AIIIC, ha participado en el curso realizado el 05 de noviembre de 2025, cumpliendo satisfactoriamente con una duración total de 08 horas teóricas y 08 horas prácticas.', 130, 0, 'J', NULL, '#000000', '2026-02-17 17:48:13', '2026-02-17 17:48:13'),
(602, 4, 'fecha_caducidad', 1, 37.00, 93.00, 40.00, 'Válido hasta: 15/11/2026', 140, 0, 'C', NULL, '#000000', '2026-02-17 17:48:13', '2026-02-17 17:48:13'),
(603, 4, 'firma', 1, 75.00, 76.00, 21.00, NULL, 0, 0, NULL, NULL, NULL, '2026-02-17 17:48:13', '2026-02-17 17:48:13'),
(604, 4, 'logo', 1, 12.00, 16.00, 16.00, NULL, 0, 0, NULL, NULL, NULL, '2026-02-17 17:48:13', '2026-02-17 17:48:13'),
(605, 4, 'nombre_completo', 1, 54.00, 34.00, 40.00, 'VILLANUEVA PEREZ LUIGI ISRAEL', 170, 1, 'C', NULL, '#B88923', '2026-02-17 17:48:13', '2026-02-17 17:48:13'),
(606, 4, 'plantilla_nombre', 1, 50.00, 50.00, 40.00, 'CERTIFICADO DE CAPACITACIÓN', 100, 0, 'C', NULL, '#000000', '2026-02-17 17:48:13', '2026-02-17 17:48:13'),
(607, 4, 'plantilla_resolucion', 1, 89.00, 9.00, 40.00, 'Res. Directoral N.° 123-2025-MTC/15', 80, 0, 'C', NULL, '#FFFFFF', '2026-02-17 17:48:13', '2026-02-17 17:48:13'),
(608, 4, 'qr', 1, 11.00, 78.00, 12.00, NULL, 0, 0, NULL, NULL, NULL, '2026-02-17 17:48:13', '2026-02-17 17:48:13'),
(609, 4, 'representante', 1, 75.00, 85.00, 40.00, 'JUAN PEREZ GARCÍA', 110, 1, 'C', NULL, '#000000', '2026-02-17 17:48:13', '2026-02-17 17:48:13'),
(610, 5, 'ciudad_fecha_emision', 1, 75.00, 93.00, 40.00, 'Lima, 15 de noviembre de 2025', 140, 0, 'C', NULL, '#000000', '2026-02-27 09:17:04', '2026-02-27 09:17:04'),
(611, 5, 'codigo_certificado', 1, 37.00, 79.00, 40.00, 'CERT-2025-000123', 110, 1, 'C', NULL, '#AD0000', '2026-02-27 09:17:04', '2026-02-27 09:17:04'),
(612, 5, 'curso', 1, 54.00, 47.00, 40.00, 'MANEJO DEFENSIVO', 150, 1, 'C', NULL, '#000000', '2026-02-27 09:17:04', '2026-02-27 09:17:04'),
(613, 5, 'detalle_curso', 1, 54.00, 54.00, 40.00, 'Identificado(a) con DNI N.º 41893357 y categoría AIIIC, ha participado en el curso realizado el 05 de noviembre de 2025, cumpliendo satisfactoriamente con una duración total de 08 horas teóricas y 08 horas prácticas.', 130, 0, 'J', NULL, '#000000', '2026-02-27 09:17:04', '2026-02-27 09:17:04'),
(614, 5, 'fecha_caducidad', 1, 37.00, 93.00, 40.00, 'Válido hasta: 15/11/2026', 140, 0, 'C', NULL, '#000000', '2026-02-27 09:17:04', '2026-02-27 09:17:04'),
(615, 5, 'firma', 1, 75.00, 73.00, 21.00, NULL, 0, 0, NULL, NULL, NULL, '2026-02-27 09:17:04', '2026-02-27 09:17:04'),
(616, 5, 'logo', 1, 12.00, 16.00, 16.00, NULL, 0, 0, NULL, NULL, NULL, '2026-02-27 09:17:04', '2026-02-27 09:17:04'),
(617, 5, 'nombre_completo', 1, 54.00, 34.00, 40.00, 'VILLANUEVA PEREZ LUIGI ISRAEL', 180, 1, 'C', NULL, '#B88923', '2026-02-27 09:17:04', '2026-02-27 09:17:04'),
(618, 5, 'plantilla_nombre', 1, 50.00, 50.00, 40.00, 'CERTIFICADO DE CAPACITACIÓN', 100, 0, 'C', NULL, '#000000', '2026-02-27 09:17:04', '2026-02-27 09:17:04'),
(619, 5, 'plantilla_resolucion', 1, 89.00, 9.00, 40.00, 'Res. Directoral N.° 123-2025-MTC/15', 80, 0, 'C', NULL, '#FFFFFF', '2026-02-27 09:17:04', '2026-02-27 09:17:04'),
(620, 5, 'qr', 1, 11.00, 78.00, 12.00, NULL, 0, 0, NULL, NULL, NULL, '2026-02-27 09:17:04', '2026-02-27 09:17:04'),
(621, 5, 'representante', 1, 75.00, 85.00, 40.00, 'JUAN PEREZ GARCÍA', 110, 1, 'C', NULL, '#000000', '2026-02-27 09:17:04', '2026-02-27 09:17:04');

-- --------------------------------------------------------

--
-- Estructura de tabla para la tabla `cq_tipos_documento`
--

CREATE TABLE `cq_tipos_documento` (
  `id` tinyint(3) UNSIGNED NOT NULL,
  `codigo` varchar(10) NOT NULL
) ENGINE=InnoDB DEFAULT CHARSET=utf8mb4 COLLATE=utf8mb4_spanish_ci;

--
-- Volcado de datos para la tabla `cq_tipos_documento`
--

INSERT INTO `cq_tipos_documento` (`id`, `codigo`) VALUES
(2, 'BREVETE'),
(3, 'CE'),
(1, 'DNI');

-- --------------------------------------------------------

--
-- Estructura de tabla para la tabla `cr_cursos`
--

CREATE TABLE `cr_cursos` (
  `id` int(10) UNSIGNED NOT NULL,
  `nombre` varchar(150) NOT NULL,
  `descripcion` text DEFAULT NULL,
  `activo` tinyint(1) NOT NULL DEFAULT 1,
  `imagen_path` varchar(255) DEFAULT NULL,
  `creado` datetime NOT NULL DEFAULT current_timestamp(),
  `actualizado` datetime NOT NULL DEFAULT current_timestamp() ON UPDATE current_timestamp()
) ENGINE=InnoDB DEFAULT CHARSET=utf8mb4 COLLATE=utf8mb4_spanish_ci;

--
-- Volcado de datos para la tabla `cr_cursos`
--

INSERT INTO `cr_cursos` (`id`, `nombre`, `descripcion`, `activo`, `imagen_path`, `creado`, `actualizado`) VALUES
(1, 'MANEJO DEFENSIVO', '', 1, NULL, '2026-01-22 01:51:50', '2026-01-22 01:51:50'),
(2, 'MANEJO A LA DEFENSIVA', '', 1, NULL, '2026-01-22 01:51:55', '2026-01-22 01:51:55'),
(3, 'MANEJO DEFENSIVO 4x4', '', 1, NULL, '2026-01-22 01:52:01', '2026-01-22 01:52:01'),
(4, 'MANEJO DEFENSIVO EN 4x4', '', 1, NULL, '2026-01-22 01:52:05', '2026-01-22 01:52:05'),
(5, 'MANEJO DEFENSIVO EN CAMIONETA 4x4', '', 1, NULL, '2026-01-22 01:52:09', '2026-01-22 01:52:09'),
(6, 'MANEJO DEFENSIVO 4x4 PRÁCTICO Y TEÓRICO', '', 1, NULL, '2026-01-22 01:52:13', '2026-01-22 01:52:13'),
(7, 'MANEJO DEFENSIVO Y SEGURIDAD VIAL', '', 1, NULL, '2026-01-22 01:52:17', '2026-01-22 01:52:17'),
(8, 'MANEJO DEFENSIVO Y SEGURIDAD VIAL (CAMIONETA 4x4)', '', 1, NULL, '2026-01-22 01:52:22', '2026-01-22 01:52:22'),
(9, 'MANEJO DEFENSIVO Y CONDUCCIÓN SEGURA EN CAMIONETA 4x4', '', 1, NULL, '2026-01-22 01:52:26', '2026-01-22 01:52:26'),
(10, 'MANEJO 4x4, CAMIONETAS 4x4, PARA RUTAS DE VÍAS INEXISTENTES, AGRESTES Y/O PROYECTOS NUEVOS', '', 1, NULL, '2026-01-22 01:52:31', '2026-01-22 01:52:31'),
(11, 'TRANSPORTE EN CISTERNA', '', 1, NULL, '2026-01-22 01:52:35', '2026-01-22 01:52:35'),
(12, 'MECÁNICA BÁSICA', '', 1, NULL, '2026-01-22 01:52:39', '2026-01-22 01:52:39'),
(13, 'MECÁNICA BÁSICA AUTOMOTRIZ', '', 1, NULL, '2026-01-22 01:52:44', '2026-01-22 01:52:44'),
(14, 'CURSO BÁSICO DE MECÁNICA GENERAL Y AUTOMOTRIZ', '', 1, NULL, '2026-01-22 01:52:47', '2026-01-22 01:52:47'),
(15, 'MECÁNICA AUTOMOTRIZ Y REGLAS DE TRÁNSITO', '', 1, NULL, '2026-01-22 01:52:50', '2026-01-22 01:52:50'),
(16, 'CAPACITACIÓN EN NORMAS DE TRÁNSITO Y MECÁNICA BÁSICA', '', 1, NULL, '2026-01-22 01:52:54', '2026-01-22 01:52:54'),
(17, 'CAPACITACIÓN EN REGLAS DE TRÁNSITO', '', 1, NULL, '2026-01-22 01:52:57', '2026-01-22 01:52:57'),
(18, 'REGLAS Y RUTAS DE TRÁNSITO', '', 1, NULL, '2026-01-22 01:53:00', '2026-01-22 01:53:00'),
(19, 'REGLAMENTO NACIONAL DE TRÁNSITO', '', 1, NULL, '2026-01-22 01:53:06', '2026-01-22 01:53:06'),
(20, 'NORMAS DE TRÁNSITO', '', 1, NULL, '2026-01-22 01:53:11', '2026-01-22 01:53:11'),
(21, 'SEGURIDAD VIAL', '', 1, NULL, '2026-01-22 01:53:15', '2026-01-22 01:53:15'),
(22, 'SEGURIDAD VIAL Y SENSIBILIZACIÓN DEL INFRACTOR', '', 1, NULL, '2026-01-22 01:53:20', '2026-01-22 01:53:20'),
(23, 'SEGURIDAD VIAL Y NORMAS DE TRÁNSITO', '', 1, NULL, '2026-01-22 01:53:24', '2026-01-22 01:53:24'),
(24, 'PRIMEROS AUXILIOS', '', 1, NULL, '2026-01-22 01:53:27', '2026-01-22 01:53:27'),
(25, 'IPERC', '', 1, NULL, '2026-01-22 01:53:31', '2026-01-22 01:53:31'),
(26, 'GESTIÓN DE SEGURIDAD Y TRANSPORTE EN MATERIALES PELIGROSOS MATPEL NIVEL I-II', '', 1, NULL, '2026-01-22 01:53:36', '2026-01-22 01:53:36'),
(27, 'MATPEL I', '', 1, NULL, '2026-01-22 01:53:40', '2026-01-22 01:53:40'),
(28, 'MATPEL II', '', 1, NULL, '2026-01-22 01:53:44', '2026-01-22 01:53:44'),
(29, 'MATPEL III', '', 1, NULL, '2026-01-22 01:53:50', '2026-01-22 01:53:50'),
(30, 'MATPEL I-II-III', '', 1, NULL, '2026-01-22 01:53:54', '2026-01-22 01:53:54'),
(31, 'MANEJO EN UNIDAD MECÁNICA', '', 1, NULL, '2026-02-27 10:56:16', '2026-02-27 10:56:16');

-- --------------------------------------------------------

--
-- Estructura de tabla para la tabla `cr_curso_etiqueta`
--

CREATE TABLE `cr_curso_etiqueta` (
  `curso_id` int(10) UNSIGNED NOT NULL,
  `etiqueta_id` int(10) UNSIGNED NOT NULL
) ENGINE=InnoDB DEFAULT CHARSET=utf8mb4 COLLATE=utf8mb4_spanish_ci;

-- --------------------------------------------------------

--
-- Estructura de tabla para la tabla `cr_etiquetas`
--

CREATE TABLE `cr_etiquetas` (
  `id` int(10) UNSIGNED NOT NULL,
  `nombre` varchar(60) NOT NULL
) ENGINE=InnoDB DEFAULT CHARSET=utf8mb4 COLLATE=utf8mb4_spanish_ci;

-- --------------------------------------------------------

--
-- Estructura de tabla para la tabla `cr_temas`
--

CREATE TABLE `cr_temas` (
  `id` int(10) UNSIGNED NOT NULL,
  `curso_id` int(10) UNSIGNED NOT NULL,
  `titulo` varchar(200) NOT NULL,
  `clase` longtext DEFAULT NULL,
  `video_url` varchar(300) DEFAULT NULL,
  `miniatura_path` varchar(255) DEFAULT NULL,
  `creado` datetime NOT NULL DEFAULT current_timestamp(),
  `actualizado` datetime NOT NULL DEFAULT current_timestamp() ON UPDATE current_timestamp()
) ENGINE=InnoDB DEFAULT CHARSET=utf8mb4 COLLATE=utf8mb4_spanish_ci;

-- --------------------------------------------------------

--
-- Estructura de tabla para la tabla `cr_usuario_curso`
--

CREATE TABLE `cr_usuario_curso` (
  `id` bigint(20) UNSIGNED NOT NULL,
  `usuario_id` int(10) UNSIGNED NOT NULL,
  `curso_id` int(10) UNSIGNED NOT NULL,
  `activo` tinyint(1) NOT NULL DEFAULT 1,
  `asignado_por` int(10) UNSIGNED DEFAULT NULL,
  `creado` datetime NOT NULL DEFAULT current_timestamp(),
  `actualizado` datetime NOT NULL DEFAULT current_timestamp() ON UPDATE current_timestamp()
) ENGINE=InnoDB DEFAULT CHARSET=utf8mb4 COLLATE=utf8mb4_spanish_ci;

-- --------------------------------------------------------

--
-- Estructura de tabla para la tabla `egr_correlativos`
--

CREATE TABLE `egr_correlativos` (
  `id_empresa` int(10) UNSIGNED NOT NULL,
  `ultimo_numero` int(10) UNSIGNED NOT NULL DEFAULT 0,
  `actualizado` datetime NOT NULL DEFAULT current_timestamp() ON UPDATE current_timestamp()
) ENGINE=InnoDB DEFAULT CHARSET=utf8mb4 COLLATE=utf8mb4_spanish_ci;

-- --------------------------------------------------------

--
-- Estructura de tabla para la tabla `egr_egresos`
--

CREATE TABLE `egr_egresos` (
  `id` bigint(20) UNSIGNED NOT NULL,
  `id_empresa` int(10) UNSIGNED NOT NULL,
  `id_caja_mensual` int(10) UNSIGNED NOT NULL,
  `id_caja_diaria` int(10) UNSIGNED NOT NULL,
  `codigo` varchar(16) NOT NULL,
  `correlativo` int(10) UNSIGNED NOT NULL,
  `tipo_comprobante` enum('RECIBO','BOLETA','FACTURA') NOT NULL DEFAULT 'RECIBO',
  `serie` varchar(10) DEFAULT NULL,
  `numero` varchar(20) DEFAULT NULL,
  `referencia` varchar(120) DEFAULT NULL,
  `fecha_emision` datetime NOT NULL,
  `monto` decimal(14,2) NOT NULL,
  `beneficiario` varchar(160) DEFAULT NULL,
  `documento` varchar(20) DEFAULT NULL,
  `concepto` varchar(1000) NOT NULL,
  `observaciones` varchar(255) DEFAULT NULL,
  `estado` enum('ACTIVO','ANULADO') NOT NULL DEFAULT 'ACTIVO',
  `anulado_por` int(10) UNSIGNED DEFAULT NULL,
  `anulado_en` datetime DEFAULT NULL,
  `anulado_motivo` varchar(255) DEFAULT NULL,
  `creado_por` int(10) UNSIGNED NOT NULL,
  `creado` datetime NOT NULL DEFAULT current_timestamp(),
  `actualizado` datetime NOT NULL DEFAULT current_timestamp() ON UPDATE current_timestamp()
) ENGINE=InnoDB DEFAULT CHARSET=utf8mb4 COLLATE=utf8mb4_spanish_ci;

-- --------------------------------------------------------

--
-- Estructura de tabla para la tabla `ferreteria_productos`
--

CREATE TABLE `ferreteria_productos` (
  `id` int(11) NOT NULL,
  `nombre` varchar(255) NOT NULL,
  `cantidad` int(11) NOT NULL DEFAULT 0,
  `image_key` varchar(1024) DEFAULT NULL,
  `creado_en` timestamp NULL DEFAULT current_timestamp()
) ENGINE=InnoDB DEFAULT CHARSET=utf8mb4 COLLATE=utf8mb4_general_ci;

--
-- Volcado de datos para la tabla `ferreteria_productos`
--

INSERT INTO `ferreteria_productos` (`id`, `nombre`, `cantidad`, `image_key`, `creado_en`) VALUES
(1, 'MARTILLO CANTOL', 10, 'ferreteria/2026/01/p1_MARTILLO_CANTOL_b9bec1ed4a3e.jpg', '2026-01-23 06:17:09'),
(2, 'TORNILLOS CEC', 33, 'ferreteria/2026/01/p2_TORNILLOS_CEC_20af63b6b9ec.webp', '2026-01-23 06:17:55'),
(3, 'CLAVOS DE OLOR', 3, 'ferreteria/2026/01/p3_CLAVOS_DE_OLOR_e18d6629b754.png', '2026-01-23 06:18:09'),
(4, 'PINTURA CPP', 33, 'ferreteria/2026/01/p4_PINTURA_CPP_86c38139a835.webp', '2026-01-23 06:18:18'),
(5, 'CODITO PVC', 3, 'ferreteria/2026/01/p5_CODITO_PVC_50535f36409a.webp', '2026-01-23 06:18:41'),
(6, 'alicate', 33, 'ferreteria/2026/01/p6_alicate_b4edcb9c1e80.webp', '2026-01-23 15:25:33'),
(7, 'COMPUTADORA HP', 2, 'ferreteria/2026/01/COMPUTADORA_HP_1769493273_52a7a0e1b029.webp', '2026-01-27 05:54:34'),
(8, 'video ejemplo', 2, 'ferreteria/2026/01/video_ejemplo_1769493323_aa95ac26bef7.jpg', '2026-01-27 05:55:25'),
(9, 'video de prueba', 1, 'ferreteria/videos/2026/01/video_de_prueba_1769493643_e3774c723425.mp4', '2026-01-27 06:01:43');

-- --------------------------------------------------------

--
-- Estructura de tabla para la tabla `inv_bienes`
--

CREATE TABLE `inv_bienes` (
  `id` int(10) UNSIGNED NOT NULL,
  `id_empresa` int(10) UNSIGNED NOT NULL,
  `tipo` enum('EQUIPO','HERRAMIENTA','CONSUMIBLE','MUEBLE','OTRO') NOT NULL DEFAULT 'EQUIPO',
  `nombre` varchar(160) NOT NULL,
  `descripcion` varchar(255) DEFAULT NULL,
  `marca` varchar(100) DEFAULT NULL,
  `modelo` varchar(100) DEFAULT NULL,
  `serie` varchar(120) DEFAULT NULL,
  `cantidad` decimal(12,2) NOT NULL DEFAULT 1.00,
  `unidad` varchar(20) NOT NULL DEFAULT 'UND',
  `estado` enum('BUENO','REGULAR','AVERIADO') NOT NULL DEFAULT 'BUENO',
  `id_ubicacion` int(10) UNSIGNED DEFAULT NULL,
  `id_responsable` int(10) UNSIGNED DEFAULT NULL,
  `responsable_nombres` varchar(100) DEFAULT NULL,
  `responsable_apellidos` varchar(100) DEFAULT NULL,
  `responsable_dni` varchar(15) DEFAULT NULL,
  `notas` varchar(400) DEFAULT NULL,
  `img_key` varchar(255) DEFAULT NULL,
  `activo` tinyint(1) NOT NULL DEFAULT 1,
  `creado` datetime NOT NULL DEFAULT current_timestamp(),
  `actualizado` datetime NOT NULL DEFAULT current_timestamp() ON UPDATE current_timestamp()
) ENGINE=InnoDB DEFAULT CHARSET=utf8mb4 COLLATE=utf8mb4_spanish_ci;

--
-- Volcado de datos para la tabla `inv_bienes`
--

INSERT INTO `inv_bienes` (`id`, `id_empresa`, `tipo`, `nombre`, `descripcion`, `marca`, `modelo`, `serie`, `cantidad`, `unidad`, `estado`, `id_ubicacion`, `id_responsable`, `responsable_nombres`, `responsable_apellidos`, `responsable_dni`, `notas`, `img_key`, `activo`, `creado`, `actualizado`) VALUES
(1, 1, 'EQUIPO', 'Monitor', 'Monito 19\" cuenta solo con entrada VGA', 'LG', '19M38A', '007NTQD0J316', 1.00, 'UND', 'BUENO', 1, 4, NULL, NULL, NULL, '', 'inventario/leoncorp_bucket/bienes/1/2026/02/1000192664_jpg_1770054432_24ac59b294b1.jpg', 1, '2026-02-02 12:48:53', '2026-02-02 19:04:23'),
(2, 1, 'EQUIPO', 'Monitor', 'Monitor LG 19\". Solo entrada VGA', 'Lg', '19M38A', '007NTWG0J209', 1.00, 'UND', 'BUENO', 1, 4, NULL, NULL, NULL, '', 'inventario/leoncorp_bucket/bienes/1/2026/02/1000192673_jpg_1770054713_6f76a51d2b57.jpg', 1, '2026-02-02 12:53:11', '2026-02-02 19:04:17'),
(3, 1, 'EQUIPO', 'Monitor', 'Monitor LG 22\". Inputs: VGA, HDMI y AUX', 'LG', '22MK400H', '809NTEP40988', 1.00, 'UND', 'AVERIADO', 1, 4, NULL, NULL, NULL, 'Pantalla Rota', 'inventario/leoncorp_bucket/bienes/1/2026/02/1000192677_jpg_1770055081_27a30647dc80.jpg', 0, '2026-02-02 12:58:08', '2026-02-02 19:04:08'),
(5, 1, 'EQUIPO', 'Monitor', 'Monitor  ViewSonic 19\", input VGA', 'ViewSonic', 'VA1901', 'UNN182431834', 1.00, 'UND', 'AVERIADO', 1, 4, NULL, NULL, NULL, 'Pantalla blanca', 'inventario/leoncorp_bucket/bienes/1/2026/02/1000192679_jpg_1770055418_183697eede2a.jpg', 0, '2026-02-02 13:03:45', '2026-02-02 19:04:01'),
(6, 1, 'EQUIPO', 'Monitor', 'Monitor con luz blanca en la parte inferior.', 'SAMSUNG', 'S20D300NH', '0L9RHTKG303396H', 1.00, 'UND', 'REGULAR', 1, 1, NULL, NULL, NULL, '', 'inventario/leoncorp_bucket/bienes/1/2026/02/1000571128_jpg_1770076308_b330d1ac798b.jpg', 1, '2026-02-02 18:53:42', '2026-02-02 18:53:42'),
(7, 1, 'EQUIPO', 'Monitor', 'Solo VGA', 'ViewSonic', 'VA1901-A', 'UNN182432119', 1.00, 'UND', 'BUENO', 1, 1, NULL, NULL, NULL, '', 'inventario/leoncorp_bucket/bienes/1/2026/02/17700787702868817848611631780668_jpg_1770078786_4b68012d39da.jpg', 1, '2026-02-02 19:35:03', '2026-02-02 19:35:03'),
(8, 1, 'EQUIPO', 'Monitor', 'Solo VGA', 'LG', '19M38A-B', '011NTMXAH643', 1.00, 'UND', 'BUENO', 1, 1, NULL, NULL, NULL, '', 'inventario/leoncorp_bucket/bienes/1/2026/02/17700791384952887722170691012609_jpg_1770079144_9a13d6b7dd47.jpg', 1, '2026-02-02 19:40:37', '2026-02-02 19:40:37'),
(9, 1, 'EQUIPO', 'Monitor', 'VGA, HDMI y aux', 'LG', '19M38H-B', '209NTGY6B991', 1.00, 'UND', 'BUENO', 1, 1, NULL, NULL, NULL, '', 'inventario/leoncorp_bucket/bienes/1/2026/02/17700794384367288858803781444883_jpg_1770079468_ed16d579969e.jpg', 1, '2026-02-02 19:46:40', '2026-02-02 19:46:40'),
(10, 1, 'EQUIPO', 'Monitor', 'Solo VGA', 'LG', '19M38A-B', '011NTEPAG092', 1.00, 'UND', 'BUENO', 1, 1, NULL, NULL, NULL, '', 'inventario/leoncorp_bucket/bienes/1/2026/02/17700797667477312734558360844394_jpg_1770079774_31cafee2e592.jpg', 1, '2026-02-02 19:51:19', '2026-02-02 19:51:19'),
(11, 1, 'EQUIPO', 'Monitor', 'Solo VGA', 'HP', 'V194', '3CQ0200FCX', 1.00, 'UND', 'BUENO', 1, 1, NULL, NULL, NULL, '', 'inventario/leoncorp_bucket/bienes/1/2026/02/17700800868936342338702043137451_jpg_1770080094_3446c23203cf.jpg', 1, '2026-02-02 19:56:38', '2026-02-02 19:56:38'),
(12, 1, 'EQUIPO', 'Monitor', 'Solo VGA', 'SAMSUNG', 'S20D300NH', 'ZZCWH4LG602370D', 1.00, 'UND', 'BUENO', 1, 1, NULL, NULL, NULL, '', 'inventario/leoncorp_bucket/bienes/1/2026/02/1770080394579459972364408949823_jpg_1770080401_aed9e3f53e31.jpg', 1, '2026-02-02 20:01:39', '2026-02-02 20:01:39'),
(13, 1, 'EQUIPO', 'NVR', 'NVR Hikvision, 8 channels', 'HIKVISION', 'DS-7608NI-Q1', 'E00810621', 1.00, 'UND', 'REGULAR', 1, 4, NULL, NULL, NULL, 'Elimina grabaciones. La clave es un check', 'inventario/leoncorp_bucket/bienes/1/2026/02/1000193157_jpg_1770135047_b1d2f361f1c7.jpg', 1, '2026-02-03 11:13:19', '2026-02-03 11:14:28'),
(14, 1, 'EQUIPO', 'NVR', 'NVR Hikvision. 8 channels', 'HIKVISION', 'Ds-7608NI-Q1', 'D92777219', 1.00, 'UND', 'REGULAR', 1, 4, NULL, NULL, NULL, 'Al conectar Ethernet se apaga. La clave es un check', 'inventario/leoncorp_bucket/bienes/1/2026/02/1000193164_jpg_1770135458_e428a1690335.jpg', 1, '2026-02-03 11:19:21', '2026-02-03 11:19:21'),
(15, 1, 'EQUIPO', 'NVR', 'NVR Hikvision. 8 channels', 'HIKVISION', 'DS-7608NI-Q1', 'E00810618', 1.00, 'UND', 'BUENO', 1, 4, NULL, NULL, NULL, 'Operativo pero sin acceso, se olvido clave y patron', 'inventario/leoncorp_bucket/bienes/1/2026/02/1000193165_jpg_1770136091_844052d9e069.jpg', 1, '2026-02-03 11:28:19', '2026-02-03 11:28:19'),
(16, 1, 'EQUIPO', 'DVR', 'DVR Hikvision. 8 canales', 'HIKVISION', 'DS-7208HGHI-F1/N', 'E22851004', 1.00, 'UND', 'BUENO', 1, 4, NULL, NULL, NULL, 'No tiene configurado clave ni patron', 'inventario/leoncorp_bucket/bienes/1/2026/02/17701365159678124800910096871489_jpg_1770136556_5bc594186575.jpg', 1, '2026-02-03 11:38:20', '2026-02-03 11:38:20'),
(17, 1, 'EQUIPO', 'DVR', 'DVR Hikvision. 4 canales', 'HIKVISION', 'DS-7204HGHI-K1', 'K32616482', 1.00, 'UND', 'BUENO', 1, 4, NULL, NULL, NULL, 'Patron check o aspa. Clave: gc7777777gc', 'inventario/leoncorp_bucket/bienes/1/2026/02/17701370767664167862395723288338_jpg_1770137102_2c77bdfeeae2.jpg', 1, '2026-02-03 11:45:10', '2026-02-03 11:45:10'),
(18, 1, 'EQUIPO', 'NVR', 'NVR Hikvision. 4 canales', 'HIKVISION', 'DS-7104NI-SN', '623426480', 1.00, 'UND', 'BUENO', 1, 4, NULL, NULL, NULL, 'Bloqueado(no se tiene clave)', 'inventario/leoncorp_bucket/bienes/1/2026/02/17701377860382575460618429064317_jpg_1770137797_b3d2f0f25a57.jpg', 1, '2026-02-03 11:56:46', '2026-02-03 11:56:46'),
(19, 1, 'EQUIPO', 'NVR', 'NVR Hikvision. 4 canales', 'HIKVISION', 'DS-7104NI-SN', '636490764', 1.00, 'UND', 'BUENO', 1, 4, NULL, NULL, NULL, 'Sin clave ni patron. Acceso libre a configuración', 'inventario/leoncorp_bucket/bienes/1/2026/02/17701382377825434838686426968721_jpg_1770138249_39b930f56bc9.jpg', 1, '2026-02-03 12:04:18', '2026-02-03 12:04:18'),
(20, 1, 'EQUIPO', 'NVR', 'NVR Hivision. 4 canales', 'HIKVISION', 'DS-7104NI-SN', '636490755', 1.00, 'UND', 'BUENO', 1, 4, NULL, NULL, NULL, 'Sin clave ni patrón. Acceso libre a configurar', 'inventario/leoncorp_bucket/bienes/1/2026/02/1770138346681107216643730567203_jpg_1770138360_6a07abd78090.jpg', 1, '2026-02-03 12:13:53', '2026-02-03 12:13:53'),
(21, 1, 'EQUIPO', 'NVR', 'NVR Hikvision. 4 canales', 'HIKVISION', 'DS-7104NI-SN', '636490731', 1.00, 'UND', 'BUENO', 1, 4, NULL, NULL, NULL, 'Clave: 211***ju***', 'inventario/leoncorp_bucket/bienes/1/2026/02/17701394620324912698912718042395_jpg_1770139471_fbb039cfc792.jpg', 1, '2026-02-03 12:24:14', '2026-02-03 12:24:40'),
(22, 1, 'EQUIPO', 'DVR', 'DVR Hikvision. 8 canales', 'HIKVISION', 'DS-7208HGHI-F1/N', 'D83466812', 1.00, 'UND', 'BUENO', 1, 4, NULL, NULL, NULL, 'Tiene etiquera que se olvido clave. Se probó y tiene acceso libre a configuración', 'inventario/leoncorp_bucket/bienes/1/2026/02/1770139630740350238115507183867_jpg_1770139642_638bdad3cc74.jpg', 1, '2026-02-03 12:27:06', '2026-02-03 12:27:28'),
(23, 1, 'EQUIPO', 'SWITCH', '16 puertos, 10/100/1000 mbps', 'TPLINK', 'TL-SG1016D', '219C073000002', 1.00, 'UND', 'BUENO', 1, 1, NULL, NULL, NULL, 'Se enviará a Open Medic Tumbes para inspección Febrero 2026 - Open Car', 'inventario/leoncorp_bucket/bienes/1/2026/02/17702372321731018773025642752703_jpg_1770237290_725b5daca969.jpg', 1, '2026-02-04 15:34:57', '2026-02-04 15:34:57'),
(24, 1, 'EQUIPO', 'DVR', '4 canales analógicos y 4 canales IP', 'HIKVISION', 'iDS-7204HQHI-M1/S', 'K11962636', 1.00, 'UND', 'BUENO', 1, 1, NULL, NULL, NULL, '', 'inventario/leoncorp_bucket/bienes/1/2026/02/17702416208483598656038359749597_jpg_1770241649_8e689e1d74cc.jpg', 1, '2026-02-04 16:51:44', '2026-02-04 16:51:44'),
(25, 1, 'EQUIPO', 'CAMARA', 'Ip', 'HIKVISION', 'DS-2CD2110F-I', '508027635', 1.00, 'UND', 'BUENO', 1, 1, NULL, NULL, NULL, 'gc7777777gc - software antiguo - 192.168.0.166', 'inventario/leoncorp_bucket/bienes/1/2026/02/17702427325684675630128819172753_jpg_1770242750_605b42f09c77.jpg', 1, '2026-02-04 17:05:26', '2026-02-04 17:05:59'),
(26, 1, 'EQUIPO', 'CAMARA', 'Ip', 'HIKVISION', 'DS-2CD2110F-I', '531998053', 1.00, 'UND', 'BUENO', 1, 1, NULL, NULL, NULL, 'gc7777777gc \r\n192.168.0.188 \r\nantiguo', 'inventario/leoncorp_bucket/bienes/1/2026/02/17702429157924539232127295441148_jpg_1770242931_c35f7da76a16.jpg', 1, '2026-02-04 17:09:04', '2026-02-04 17:09:04'),
(27, 1, 'EQUIPO', 'Monitor', 'Monitor LG 19\". Entrada vga', 'LG', 'E1941S-BN', '102QCSF04366', 1.00, 'UND', 'BUENO', 1, 4, NULL, NULL, NULL, '', 'inventario/leoncorp_bucket/bienes/1/2026/02/17703044317461186531869947048699_jpg_1770304443_2c2f60f9e61d.jpg', 1, '2026-02-05 10:16:00', '2026-02-05 10:16:00'),
(28, 1, 'EQUIPO', 'Monitor', 'Monitor HP 19\". Entrada VGA', 'Hp', 'V190 Monitor', '1CR8390RRN', 1.00, 'UND', 'BUENO', 1, 4, NULL, NULL, NULL, '', 'inventario/leoncorp_bucket/bienes/1/2026/02/1770304625475379890534607506745_jpg_1770304638_d35217346638.jpg', 1, '2026-02-05 10:18:36', '2026-02-05 10:18:36'),
(29, 1, 'EQUIPO', 'Monitor', 'Monitor LG 20\". Entrada VGA', 'LG', '20MP48A', '801NTFABK459', 1.00, 'UND', 'AVERIADO', 1, 4, NULL, NULL, NULL, 'Pantalla rota', 'inventario/leoncorp_bucket/bienes/1/2026/02/17703048508846307470890517600299_jpg_1770304867_23efe8142a30.jpg', 1, '2026-02-05 10:22:54', '2026-02-05 10:23:41'),
(30, 1, 'EQUIPO', 'Monitor', 'Monitor LG 20\". Entrada HDMI, VGA y aux', 'LG', '20MK400H', '908NTQD42684', 1.00, 'UND', 'BUENO', 1, 4, NULL, NULL, NULL, 'No se sabe de donde vino', 'inventario/leoncorp_bucket/bienes/1/2026/02/17703052461588523949433646072583_jpg_1770305259_1542955743d0.jpg', 1, '2026-02-05 10:28:44', '2026-02-05 10:28:44'),
(31, 1, 'EQUIPO', 'Huellero', 'Huellero IB Columbo. Presenta manchas', 'Integrated Biometric', 'Columbo DT', 'CD110CA- 22600326-000C', 1.00, 'UND', 'REGULAR', 1, 4, NULL, NULL, NULL, 'Presenta manchas', 'inventario/leoncorp_bucket/bienes/1/2026/02/17703074740919019079608528208226_jpg_1770307482_964f556a14e1.jpg', 1, '2026-02-05 11:06:34', '2026-02-05 11:50:43'),
(32, 1, 'EQUIPO', 'Huellero', 'Huller IB Columbo. No es reconocido', 'Integrated Biometric', 'Columbo DT', 'CD110CA-22302364-000C', 1.00, 'UND', 'AVERIADO', 1, 4, NULL, NULL, NULL, 'No es reconocido', 'inventario/leoncorp_bucket/bienes/1/2026/02/17703078052243638495905620720843_jpg_1770307813_d8c5419f9469.jpg', 1, '2026-02-05 11:11:56', '2026-02-05 11:25:33'),
(33, 1, 'EQUIPO', 'Huellero', 'Huellero IB Columbo DT. No es reconocido', 'Integrated Biometric', 'Columbo DT', 'CD110CA-11100727-000C', 1.00, 'UND', 'AVERIADO', 1, 4, NULL, NULL, NULL, 'No es reconocido', 'inventario/leoncorp_bucket/bienes/1/2026/02/17703085986412060544055644713923_jpg_1770308613_a54529548a44.jpg', 1, '2026-02-05 11:25:07', '2026-02-05 11:25:07'),
(34, 1, 'EQUIPO', 'Huellero - intacto', 'Huellero IB Columbo. Cuenta con etiqueta intacta', 'Integrated Biometric', 'Columbo DT', 'CD110CA-00200153-000C', 1.00, 'UND', 'BUENO', 1, 4, NULL, NULL, NULL, '', 'inventario/leoncorp_bucket/bienes/1/2026/02/17703098173194377067307612494235_jpg_1770309825_ce9bdd7b757f.jpg', 1, '2026-02-05 11:44:57', '2026-02-05 11:44:57'),
(35, 1, 'EQUIPO', 'Huellero', 'Huellero IB Columbo', 'Integrated Biometric', 'Columbo DT', 'CD110CA-00200117-000C', 1.00, 'UND', 'BUENO', 1, 4, NULL, NULL, NULL, 'Etiqueta en blanco', 'inventario/leoncorp_bucket/bienes/1/2026/02/17703102968336730989813514513216_jpg_1770310304_d756966bd43c.jpg', 1, '2026-02-05 11:53:28', '2026-02-05 11:53:28'),
(36, 1, 'EQUIPO', 'Huellero', 'Huellero IB Columbo. Usb levemente flojo y dificultad en leer huella', 'Integrated Biometric', 'Columbo DT', 'CD110DC-13900260-000C', 1.00, 'UND', 'REGULAR', 1, 4, NULL, NULL, NULL, '', 'inventario/leoncorp_bucket/bienes/1/2026/02/1770312023545464638409781802907_jpg_1770312030_7cc2800a798b.jpg', 1, '2026-02-05 12:22:19', '2026-02-05 12:22:19'),
(37, 1, 'EQUIPO', 'Huellero', 'Huellero IB Columbo. No es detectado', 'Integrated Biometric', 'Columbo DT', 'No visible', 1.00, 'UND', 'AVERIADO', 1, 4, NULL, NULL, NULL, 'Fallado no es reconocido', 'inventario/leoncorp_bucket/bienes/1/2026/02/17706551392145428512109259246074_jpg_1770655148_61ea55ac964c.jpg', 0, '2026-02-09 11:39:26', '2026-02-09 11:39:26'),
(41, 1, 'EQUIPO', 'Huellero', 'Huelleo IB Columbo. Usb holgado', 'Integrated Biometric', 'Columbo DT', '00200166', 1.00, 'UND', 'REGULAR', 1, 4, NULL, NULL, NULL, 'Usb holgado', 'inventario/leoncorp_bucket/bienes/1/2026/02/17706580873349210315560394046515_jpg_1770658095_1c586c14e221.jpg', 1, '2026-02-09 12:28:55', '2026-02-09 12:28:55'),
(42, 1, 'EQUIPO', 'Huellero', 'Huellero IB Columbo', 'Integrated Biometric', 'Columbo DT', '00200181', 1.00, 'UND', 'BUENO', 1, 4, NULL, NULL, NULL, 'Detecta bien la huella', 'inventario/leoncorp_bucket/bienes/1/2026/02/17706584902486413518983469816885_jpg_1770658499_1f1368b3f2c3.jpg', 1, '2026-02-09 12:35:39', '2026-02-09 12:35:39'),
(43, 1, 'EQUIPO', 'Ticktera', 'Ticketera Epson TM-20III', 'EPSON', 'M267D', 'X7AT179394', 1.00, 'UND', 'BUENO', 1, 4, NULL, NULL, NULL, 'Operativa y con papel', 'inventario/leoncorp_bucket/bienes/1/2026/02/17708289205153268316065448159658_jpg_1770828943_12a7c63dc418.jpg', 1, '2026-02-11 11:58:39', '2026-02-11 11:58:39'),
(44, 1, 'EQUIPO', 'Ticketera', 'Ticketera Epson TM-20III', 'EPSON', 'M267D', 'X7AT164172', 1.00, 'UND', 'BUENO', 1, 4, NULL, NULL, NULL, 'Operativa con papel. Detalle golpe en la tapa delantera', 'inventario/leoncorp_bucket/bienes/1/2026/02/17708292043144272724172674052736_jpg_1770829221_a366fc48028c.jpg', 1, '2026-02-11 12:01:57', '2026-02-11 12:01:57'),
(45, 1, 'EQUIPO', 'Ticketera', 'Ticketera Epson TM-20III', 'EPSON', 'M267D', 'X7AT164176', 1.00, 'UND', 'BUENO', 1, 4, NULL, NULL, NULL, 'Operativa con papel', 'inventario/leoncorp_bucket/bienes/1/2026/02/1000197298_jpg_1770829473_100b5e5ea454.jpg', 1, '2026-02-11 12:05:20', '2026-02-11 12:05:20'),
(46, 1, 'EQUIPO', 'Ticketera', 'Ticketera Epson TM-20III', 'EPSON', 'M267D', 'X7AT179393', 1.00, 'UND', 'BUENO', 1, 4, NULL, NULL, NULL, 'Operativo con papel', 'inventario/leoncorp_bucket/bienes/1/2026/02/1000197298_jpg_1770829577_038b8a33c13d.jpg', 1, '2026-02-11 12:07:05', '2026-02-11 12:07:05'),
(47, 1, 'EQUIPO', 'Ticketera', 'Ticketera Epson TM-20III', 'EPSON', 'M267D', 'X7AT138359', 1.00, 'UND', 'BUENO', 1, 4, NULL, NULL, NULL, 'Operativa con papel', 'inventario/leoncorp_bucket/bienes/1/2026/02/1000197298_jpg_1770829892_f836ead39b33.jpg', 1, '2026-02-11 12:12:28', '2026-02-11 12:12:28'),
(48, 1, 'EQUIPO', 'Ticketera', 'Ticketera Epson TM-20III', 'EPSON', 'M267D', 'X7AT171374', 1.00, 'UND', 'BUENO', 1, 4, NULL, NULL, NULL, 'Operativo con papel', 'inventario/leoncorp_bucket/bienes/1/2026/02/1000197298_jpg_1770829967_d93fe2962463.jpg', 1, '2026-02-11 12:13:39', '2026-02-11 12:13:39'),
(49, 1, 'EQUIPO', 'Tickectera', 'Ticketera Epson TM-20III', 'EPSON', 'M267D', 'X7AT164168', 1.00, 'UND', 'BUENO', 1, 4, NULL, NULL, NULL, 'Operativo con papel', 'inventario/leoncorp_bucket/bienes/1/2026/02/1000197298_jpg_1770830038_d9c86eee122a.jpg', 1, '2026-02-11 12:14:39', '2026-02-11 12:14:39'),
(50, 1, 'EQUIPO', 'Ticketera', 'Ticketera Epson TM-20III', 'EPSON', 'M267D', 'X7AT171303', 1.00, 'UND', 'BUENO', 1, 4, NULL, NULL, NULL, 'Operativo sin papel', 'inventario/leoncorp_bucket/bienes/1/2026/02/1000197298_jpg_1770830114_2fc8c4a59b31.jpg', 1, '2026-02-11 12:15:46', '2026-02-11 12:19:26'),
(51, 1, 'EQUIPO', 'Ticktera', 'Ticketera Epson TM-T88V', 'EPSON', 'M244A', 'X6NM122807', 1.00, 'UND', 'BUENO', 1, 4, NULL, NULL, NULL, 'Operativo con papel', 'inventario/leoncorp_bucket/bienes/1/2026/02/17708302734325419496550861475697_jpg_1770830299_63b47834a310.jpg', 1, '2026-02-11 12:19:09', '2026-02-11 12:19:09'),
(52, 1, 'EQUIPO', 'Switch', '8 puertos, 9v', 'Tp-link', 'TL-SG1008D', '2175681001257', 1.00, 'UND', 'BUENO', 1, 4, NULL, NULL, NULL, '', 'inventario/leoncorp_bucket/bienes/1/2026/02/17709975626202849672417431610309_jpg_1770997599_a537290ee3c2.jpg', 1, '2026-02-13 10:48:24', '2026-02-13 10:48:24'),
(53, 1, 'EQUIPO', 'Switch', '8 puerto, 5v', 'TP-LINK', 'TL-SF1008D', '22262D3008502', 1.00, 'UND', 'BUENO', 1, 4, NULL, NULL, NULL, '', 'inventario/leoncorp_bucket/bienes/1/2026/02/17709980806777781448719252622381_jpg_1770998104_a51841b4c098.jpg', 1, '2026-02-13 10:56:18', '2026-02-13 10:56:18'),
(59, 1, 'EQUIPO', 'Switch', '8 puertos, 5v', 'TP-LIN', 'TL-SF1008D', '2157732001329', 1.00, 'UND', 'BUENO', 1, 4, NULL, NULL, NULL, '', 'inventario/leoncorp_bucket/bienes/1/2026/02/17709982108332268261557491865758_jpg_1770998223_268e8558eeb0.jpg', 1, '2026-02-13 10:58:05', '2026-02-13 11:02:04'),
(60, 1, 'EQUIPO', 'Switch', '8 puertos, 5v', 'TP-LINK', 'TL-SF1008D', '2156243018463', 1.00, 'UND', 'BUENO', 1, 4, NULL, NULL, NULL, '', 'inventario/leoncorp_bucket/bienes/1/2026/02/17709985526338573634821312740316_jpg_1770998562_c40baa3e4927.jpg', 1, '2026-02-13 11:03:42', '2026-02-13 11:03:42'),
(61, 1, 'EQUIPO', 'Access Point WIFI', 'Hasta 450 Mbps', 'TP-LINK', 'TL-WA901ND', '215B603000414', 1.00, 'UND', 'BUENO', 1, 4, NULL, NULL, NULL, '', 'inventario/leoncorp_bucket/bienes/1/2026/02/17709987342423665289907182806204_jpg_1770998743_c85939280151.jpg', 1, '2026-02-13 11:06:49', '2026-02-13 11:06:49'),
(62, 1, 'EQUIPO', 'Router', '3 puertos, 12v, 300Mbps', 'HUAWEI', 'WS318n', '34E7S20716002087', 1.00, 'UND', 'BUENO', 1, 4, NULL, NULL, NULL, '', 'inventario/leoncorp_bucket/bienes/1/2026/02/17709988721397741085714386225439_jpg_1770998894_8d194a784a94.jpg', 1, '2026-02-13 11:09:52', '2026-02-13 11:09:52'),
(64, 1, 'EQUIPO', 'Router', '4 puertos, 12v. Cargador extraviado', 'ADTRAN', 'NetVanta 832T', '117283G1', 1.00, 'UND', 'BUENO', 1, 4, NULL, NULL, NULL, '', 'inventario/leoncorp_bucket/bienes/1/2026/02/17709991166632113943471903368018_jpg_1770999133_4f7004589bdc.jpg', 1, '2026-02-13 11:12:53', '2026-02-13 11:12:53'),
(66, 1, 'EQUIPO', 'Router LTE', '4 puertos, 12v. Se extravió 1 antena', 'HUAWEI', 'B612-533', 'CSD7S2062900262621', 1.00, 'UND', 'BUENO', 1, 4, NULL, NULL, NULL, '', 'inventario/leoncorp_bucket/bienes/1/2026/02/17709997362746468007160390629746_jpg_1770999776_3407576b936e.jpg', 1, '2026-02-13 11:24:02', '2026-02-13 11:27:26'),
(67, 1, 'EQUIPO', 'Router LTE', '4 puertos, 12v. Antenas extraviadas.', 'HUAWEI', 'B612-533', 'CSD7S20624009953', 1.00, 'UND', 'BUENO', 1, 4, NULL, NULL, NULL, 'Solo cuenta con cargador, sin antenas', 'inventario/leoncorp_bucket/bienes/1/2026/02/17709999201106906131153446870741_jpg_1770999928_809e50613a04.jpg', 1, '2026-02-13 11:27:10', '2026-02-13 11:27:10'),
(68, 1, 'EQUIPO', 'Switch', '16 puertos', 'PLANET', 'GSW-1601', 'A5001421800760', 1.00, 'UND', 'BUENO', 1, 4, NULL, NULL, NULL, '', 'inventario/leoncorp_bucket/bienes/1/2026/02/17710015230551141935594983861431_jpg_1771001537_8b376e56b071.jpg', 1, '2026-02-13 11:53:33', '2026-02-13 11:53:33'),
(70, 1, 'EQUIPO', 'Huellero', 'Huellero Futronic', 'Futronic', 'F588HS', 'FS8818252', 1.00, 'UND', 'BUENO', 1, 4, NULL, NULL, NULL, '', 'inventario/leoncorp_bucket/bienes/1/2026/02/1771257938027949096380085342236_jpg_1771257975_a48aa7b077ae.jpg', 1, '2026-02-16 11:07:10', '2026-02-16 11:07:10'),
(72, 1, 'EQUIPO', 'Huellero', 'Huellero Futronic', 'Futronic', 'F588HS', 'FS8818247', 1.00, 'UND', 'BUENO', 1, 4, NULL, NULL, NULL, '', 'inventario/leoncorp_bucket/bienes/1/2026/02/17712581107366204622298674224286_jpg_1771258118_d704f236ac5d.jpg', 1, '2026-02-16 11:09:48', '2026-02-16 11:09:48'),
(73, 1, 'EQUIPO', 'Huellero', 'Huellero Futronic', 'Futronic', 'F588HS', 'FS8818244', 1.00, 'UND', 'BUENO', 1, 4, NULL, NULL, NULL, '', 'inventario/leoncorp_bucket/bienes/1/2026/02/17712582874241992979056605846506_jpg_1771258309_72b373f92e5a.jpg', 1, '2026-02-16 11:12:21', '2026-02-16 11:12:21'),
(74, 1, 'EQUIPO', 'Huellero', 'Huellero Futronic', 'Futronic', 'F588HS', 'FS8818256', 1.00, 'UND', 'BUENO', 1, 4, NULL, NULL, NULL, '', 'inventario/leoncorp_bucket/bienes/1/2026/02/17712583968234125173234377794212_jpg_1771258412_906057002064.jpg', 1, '2026-02-16 11:14:36', '2026-02-16 11:14:36'),
(75, 1, 'EQUIPO', 'Huellero', 'Huellero Futronic', 'Futronic', 'F588HS', 'FS8818257', 1.00, 'UND', 'BUENO', 1, 4, NULL, NULL, NULL, '', 'inventario/leoncorp_bucket/bienes/1/2026/02/17712587348272910167297144458415_jpg_1771258746_73fb0638a24b.jpg', 1, '2026-02-16 11:19:44', '2026-02-16 11:19:44'),
(76, 1, 'EQUIPO', 'Huellero', 'Huellero Futronic', 'Futronic', 'F588HS', 'FS8818246', 1.00, 'UND', 'BUENO', 1, 4, NULL, NULL, NULL, '', 'inventario/leoncorp_bucket/bienes/1/2026/02/17712588303947602566608602791215_jpg_1771258843_925f301a7e89.jpg', 1, '2026-02-16 11:21:27', '2026-02-16 11:21:27'),
(77, 1, 'EQUIPO', 'Huellero', 'Huellero Futronic', 'Futronic', 'F588HS', 'FS8818262', 1.00, 'UND', 'BUENO', 1, 4, NULL, NULL, NULL, '', 'inventario/leoncorp_bucket/bienes/1/2026/02/17712589501434079646220749393512_jpg_1771258962_2d62067eb741.jpg', 1, '2026-02-16 11:23:16', '2026-02-16 11:23:16'),
(78, 1, 'EQUIPO', 'Huellero', 'Huellero Futronic', 'Futronic', 'F588HS', 'FS8818235', 1.00, 'UND', 'BUENO', 1, 4, NULL, NULL, NULL, '', 'inventario/leoncorp_bucket/bienes/1/2026/02/17712590891297595882598722494371_jpg_1771259098_3d14a58e06ae.jpg', 1, '2026-02-16 11:25:30', '2026-02-16 11:25:30'),
(79, 1, 'EQUIPO', 'Huellero', 'Huellero Futronic', 'Futronic', 'F588HS', 'FS8818259', 1.00, 'UND', 'BUENO', 1, NULL, NULL, NULL, NULL, '', 'inventario/leoncorp_bucket/bienes/1/2026/02/17712591693434956215273804864122_jpg_1771259176_00ff4df5a2c1.jpg', 1, '2026-02-16 11:26:44', '2026-02-16 11:26:44'),
(80, 1, 'EQUIPO', 'Huellero', 'Huellero Futronic', 'Futronic', 'F588HS', 'FS8818253', 1.00, 'UND', 'BUENO', 1, 4, NULL, NULL, NULL, '', 'inventario/leoncorp_bucket/bienes/1/2026/02/17712592641441710438054399446415_jpg_1771259282_b208ccd094b0.jpg', 1, '2026-02-16 11:28:31', '2026-02-16 11:28:31'),
(81, 1, 'EQUIPO', 'Huellero', 'Huellero Futronic', 'Futronic', 'F588HS', 'FS8818240', 1.00, 'UND', 'BUENO', 1, 4, NULL, NULL, NULL, '', 'inventario/leoncorp_bucket/bienes/1/2026/02/17712593983732452106789582595969_jpg_1771259414_4cd5c519b9ab.jpg', 1, '2026-02-16 11:30:34', '2026-02-16 11:30:34'),
(82, 1, 'EQUIPO', 'Huellero', 'Huellero Futronic', 'Futronic', 'F588HS', 'FS8818258', 1.00, 'UND', 'BUENO', 1, 4, NULL, NULL, NULL, '', 'inventario/leoncorp_bucket/bienes/1/2026/02/17712595788776407594669803415177_jpg_1771259585_f1b693647e82.jpg', 1, '2026-02-16 11:33:40', '2026-02-16 11:33:40'),
(83, 1, 'EQUIPO', 'Huellero', 'Huellero Futronic - Nuevo', 'Futronic', 'F588HS', 'FS8818236', 1.00, 'UND', 'BUENO', 1, 4, NULL, NULL, NULL, '', 'inventario/leoncorp_bucket/bienes/1/2026/02/17712596489863229741463433679000_jpg_1771259665_4d73f6e8155b.jpg', 1, '2026-02-16 11:35:01', '2026-02-16 11:37:22'),
(91, 1, 'EQUIPO', 'Huellero', 'Huellero Futronic', 'Futronic', 'F588HS', 'FS8818234', 1.00, 'UND', 'BUENO', 1, 4, NULL, NULL, NULL, '', 'inventario/leoncorp_bucket/bienes/1/2026/02/17712598875632753750393771752964_jpg_1771259899_e73d264e7dda.jpg', 1, '2026-02-16 11:38:58', '2026-02-16 11:38:58'),
(92, 1, 'EQUIPO', 'Hullero', 'Huellero Futronic', 'Futronic', 'F588H', 'FP511205', 1.00, 'UND', 'BUENO', 1, 4, NULL, NULL, NULL, '', 'inventario/leoncorp_bucket/bienes/1/2026/02/1771259957939607257574843547366_jpg_1771259968_0f05039c0c6b.jpg', 1, '2026-02-16 11:40:06', '2026-02-16 11:40:06'),
(93, 1, 'EQUIPO', 'Huellero', 'Huellero SecuGen', 'SecuGen', 'HAMSTER PRO 20', 'H52160308073', 1.00, 'UND', 'BUENO', 1, 4, NULL, NULL, NULL, '', 'inventario/leoncorp_bucket/bienes/1/2026/02/1771260242322142486703453251326_jpg_1771260259_62087ab7c89f.jpg', 1, '2026-02-16 11:45:30', '2026-02-16 11:45:30'),
(94, 1, 'EQUIPO', 'Huellero', 'Huellero SecuGen', 'SecuGen', 'HAMSTER PRO 20', 'H52160308082', 1.00, 'UND', 'BUENO', 1, 4, NULL, NULL, NULL, '', 'inventario/leoncorp_bucket/bienes/1/2026/02/17712603509265093759987950984461_jpg_1771260360_a05b71b464a5.jpg', 1, '2026-02-16 11:47:07', '2026-02-16 11:47:07'),
(96, 1, 'EQUIPO', 'Huellero', 'SecuGen', 'SecuGen', 'HAMSTER PRO 20', 'H52150400778', 1.00, 'UND', 'BUENO', 1, 4, NULL, NULL, NULL, '', 'inventario/leoncorp_bucket/bienes/1/2026/02/17712609878318244571010385760986_jpg_1771261010_f1a35729f0a1.jpg', 1, '2026-02-16 11:57:37', '2026-02-16 11:57:37'),
(97, 1, 'EQUIPO', 'Huellero', 'Huellero SecuGen', 'SecuGen', 'HAMSTER PRO 20', 'H52150400730', 1.00, 'UND', 'BUENO', 1, 4, NULL, NULL, NULL, '', 'inventario/leoncorp_bucket/bienes/1/2026/02/17712610928526747037276848519618_jpg_1771261100_b6c1b37018f4.jpg', 1, '2026-02-16 11:59:55', '2026-02-16 11:59:55'),
(98, 1, 'EQUIPO', 'Huellero', 'Huellero SecuGen', 'SecuGen', 'HAMSTER PRO 20', 'H52150400655', 1.00, 'UND', 'BUENO', 1, 4, NULL, NULL, NULL, '', 'inventario/leoncorp_bucket/bienes/1/2026/02/17712612591423167512972113400913_jpg_1771261266_edf3669582fd.jpg', 1, '2026-02-16 12:01:39', '2026-02-16 12:01:39'),
(99, 1, 'EQUIPO', 'Huellero', 'Huellero SecuGen', 'SecuGen', 'HAMSTER PRO 20', 'H52150400713', 1.00, 'UND', 'BUENO', 1, 4, NULL, NULL, NULL, '', 'inventario/leoncorp_bucket/bienes/1/2026/02/17712613697092634243580397514820_jpg_1771261378_b427adc21602.jpg', 1, '2026-02-16 12:03:39', '2026-02-16 12:03:39'),
(100, 1, 'EQUIPO', 'Huellero', 'Huellero SecuGen - nro serie no visible', 'SecuGen', 'HAMSTER PRO 20', 'H5215...', 1.00, 'UND', 'BUENO', 1, 4, NULL, NULL, NULL, '', 'inventario/leoncorp_bucket/bienes/1/2026/02/17712620049558831751139535849082_jpg_1771262080_d885db6a8da4.jpg', 1, '2026-02-16 12:15:37', '2026-02-16 12:15:37'),
(101, 1, 'EQUIPO', 'Huellero', 'Huellero SecuGen', 'SecuGen', 'HAMSTER  PRO 20', 'H52160308054', 1.00, 'UND', 'BUENO', 1, 4, NULL, NULL, NULL, '', 'inventario/leoncorp_bucket/bienes/1/2026/02/17712621739341532930729703111457_jpg_1771262182_a149b7b53ea7.jpg', 1, '2026-02-16 12:17:13', '2026-02-16 12:17:13'),
(102, 1, 'EQUIPO', 'Huellero', 'Huellero SecuGen', 'SecuGen', 'HAMSTER PRO 20', 'H52160308038', 1.00, 'UND', 'BUENO', 1, 4, NULL, NULL, NULL, '', 'inventario/leoncorp_bucket/bienes/1/2026/02/17712622629086797214289919705176_jpg_1771262275_6251508c2d2f.jpg', 1, '2026-02-16 12:18:31', '2026-02-16 12:18:31'),
(103, 1, 'EQUIPO', 'Huellero', 'Huellero SecuGen', 'SecuGen', 'HAMSTER PRO 20', 'H52150400720', 1.00, 'UND', 'BUENO', 1, 4, NULL, NULL, NULL, '', 'inventario/leoncorp_bucket/bienes/1/2026/02/17712626059457836305861215847934_jpg_1771262614_7a5164c00d71.jpg', 1, '2026-02-16 12:24:19', '2026-02-16 12:24:19'),
(104, 1, 'EQUIPO', 'Huellero', 'Huellero SecuGen', 'SecuGen', 'HAMSTER PRO 20', 'H52150400761', 1.00, 'UND', 'BUENO', 1, 4, NULL, NULL, NULL, '', 'inventario/leoncorp_bucket/bienes/1/2026/02/17712626725434469504156464764223_jpg_1771262681_18fb37a2e3e9.jpg', 1, '2026-02-16 12:25:17', '2026-02-16 12:25:17'),
(105, 1, 'EQUIPO', 'Huellero', 'Huellero SecuGen', 'SecuGen', 'HAMSTER PRO 20', 'H52160308034', 1.00, 'UND', 'BUENO', 1, 4, NULL, NULL, NULL, '', 'inventario/leoncorp_bucket/bienes/1/2026/02/17712628008277619972506149696320_jpg_1771262807_1264289a364f.jpg', 1, '2026-02-16 12:27:19', '2026-02-16 12:27:19'),
(106, 1, 'EQUIPO', 'Huellero', 'Huellero SecuGen', 'SecuGen', 'HAMSTER PRO 20', 'H52150400790', 1.00, 'UND', 'BUENO', 1, 4, NULL, NULL, NULL, '', 'inventario/leoncorp_bucket/bienes/1/2026/02/17712632008794832831441303850370_jpg_1771263210_b8ca0793527e.jpg', 1, '2026-02-16 12:34:20', '2026-02-16 12:34:20'),
(107, 1, 'EQUIPO', 'Monitor', 'Monitor LG 19\". Entrada VGA', 'LG', '19M38', '108NTXR1J042', 1.00, 'UND', 'BUENO', 1, 4, NULL, NULL, NULL, '', 'inventario/leoncorp_bucket/bienes/1/2026/02/17714284777754853625377170107573_jpg_1771428491_8aecc240d3ab.jpg', 1, '2026-02-18 10:29:08', '2026-02-18 10:29:08'),
(108, 1, 'EQUIPO', 'Monitor', 'Monitor LG 19\". Entrada VGA, pantalla parpadea color blanco', 'LG', '19M38A', '911NTXR3A250', 1.00, 'UND', 'AVERIADO', 1, 4, NULL, NULL, NULL, '', 'inventario/leoncorp_bucket/bienes/1/2026/02/17714295690376007892358724079300_jpg_1771429607_e0cc29065850.jpg', 1, '2026-02-18 10:48:11', '2026-02-18 10:48:11'),
(109, 1, 'EQUIPO', 'Monitor', 'Monitor LG 20\". Entrada hdmi, vga. Salida aux.', 'LG', '20MK400H', '106NTNHDG591', 1.00, 'UND', 'BUENO', 1, 4, NULL, NULL, NULL, 'Sin tonillos para amar la base', 'inventario/leoncorp_bucket/bienes/1/2026/02/17714308676598832913135805952533_jpg_1771430903_e95d5a9d9080.jpg', 1, '2026-02-18 11:09:14', '2026-02-18 11:23:43'),
(110, 1, 'EQUIPO', 'Monitor', 'Monitor LG 19\". Entrada VGA. Roto en la esquina inferior izquierda', 'LG', '19M38', '010NTPC4R784', 1.00, 'UND', 'AVERIADO', 1, 4, NULL, NULL, NULL, 'Base incompleta', 'inventario/leoncorp_bucket/bienes/1/2026/02/17714316514055412451964291947496_jpg_1771431676_2a0c26c33b9a.jpg', 1, '2026-02-18 11:23:06', '2026-02-18 11:23:55'),
(111, 1, 'EQUIPO', 'Switch', 'Switch TP-LINK 5 entradas', 'TP-LINK', 'TL-SF1005D', '220A3K9004654', 1.00, 'UND', 'BUENO', 1, 4, NULL, NULL, NULL, '', 'inventario/leoncorp_bucket/bienes/1/2026/02/17714319979994360529043393509743_jpg_1771432009_18e5297045e0.jpg', 1, '2026-02-18 11:28:06', '2026-02-18 11:28:06'),
(112, 1, 'EQUIPO', 'Cámara Network', 'Cámara Network Hikvision 2.8mm', 'Hikvision', 'DS-2CD2112-I', '466339189', 1.00, 'UND', 'BUENO', 1, 4, NULL, NULL, NULL, '', 'inventario/leoncorp_bucket/bienes/1/2026/02/17715175827252061016527263645452_jpg_1771517603_19ff3ebbbc24.jpg', 1, '2026-02-19 11:06:25', '2026-02-19 11:13:29'),
(113, 1, 'EQUIPO', 'Cámara Network', 'Cámara Network Hikvision 2.8mm', 'Hikvision', 'DS-2CD2110F-I', '531997672', 1.00, 'UND', 'BUENO', 1, 4, NULL, NULL, NULL, '', 'inventario/leoncorp_bucket/bienes/1/2026/02/17715172644197712800890968250518_jpg_1771517274_776f0b37aa26.jpg', 1, '2026-02-19 11:09:06', '2026-02-19 11:09:06'),
(114, 1, 'EQUIPO', 'Cámara Network', 'Cámara Network Hikvision 2.8mm', 'Hikvision', 'DS-2CD2120F-I', '563217783', 1.00, 'UND', 'BUENO', 1, 4, NULL, NULL, NULL, '', 'inventario/leoncorp_bucket/bienes/1/2026/02/17715176364995133287284001170572_jpg_1771517654_8fd651048b9b.jpg', 1, '2026-02-19 11:15:39', '2026-02-19 11:15:39'),
(115, 1, 'EQUIPO', 'Cámara Network', 'Cámara Network Hikvision 2.8mm', 'Hikvision', 'DS-2CD2120F-I', '558346420', 1.00, 'UND', 'BUENO', 1, 4, NULL, NULL, NULL, '', 'inventario/leoncorp_bucket/bienes/1/2026/02/17715177569531727478759111528365_jpg_1771517767_8aa508d54453.jpg', 1, '2026-02-19 11:18:07', '2026-02-19 11:18:07'),
(116, 1, 'EQUIPO', 'Camara Network', 'Cámara Network Hikvision 2.8mm', 'Hikvision', 'DS-2CD2120F-I', '0000', 1.00, 'UND', 'REGULAR', 1, 4, NULL, NULL, NULL, 'Sín etiqueta de datos', 'inventario/leoncorp_bucket/bienes/1/2026/02/17715179267893413327689470465366_jpg_1771517945_386b4fa8d20b.jpg', 1, '2026-02-19 11:19:36', '2026-02-19 11:19:36'),
(117, 1, 'EQUIPO', 'Cámara Network', 'Cámara Network Hikvision 2.8mm - 12mm', 'Hikvision', 'DS-2CD1723G0-I', 'F91047530', 1.00, 'UND', 'BUENO', 1, 4, NULL, NULL, NULL, '', 'inventario/leoncorp_bucket/bienes/1/2026/02/1771518400187889161877393250370_jpg_1771518432_e4c854190bbf.jpg', 1, '2026-02-19 11:28:56', '2026-02-19 11:28:56'),
(118, 1, 'EQUIPO', 'Cámara Network', 'Cámara Network Hikvision 2.8mm - 12mm', 'Hikvision', 'DS-2CD1723G0-I', 'C97723309', 1.00, 'UND', 'BUENO', 1, 4, NULL, NULL, NULL, '', 'inventario/leoncorp_bucket/bienes/1/2026/02/17715189410973631775878991813401_jpg_1771518955_3ca022df827d.jpg', 1, '2026-02-19 11:36:48', '2026-02-19 11:36:48'),
(119, 1, 'EQUIPO', 'Cámara Color', 'Cámara Color Hikvision 3.6mm', 'Hikvision', 'DS-2CE15A2N-IR', '450184664', 1.00, 'UND', 'BUENO', 1, 4, NULL, NULL, NULL, '', 'inventario/leoncorp_bucket/bienes/1/2026/02/1771519074190582865508841621155_jpg_1771519088_7e8a746e0315.jpg', 1, '2026-02-19 11:40:21', '2026-02-19 11:40:21'),
(120, 1, 'EQUIPO', 'Cámara', 'Cámara Hikvision 3.6mm', 'Hikvision', 'DS-2CE55A2N-IRM', '450856984', 1.00, 'UND', 'BUENO', 1, 4, NULL, NULL, NULL, '', 'inventario/leoncorp_bucket/bienes/1/2026/02/17715197980712109719230870314783_jpg_1771519825_c50693954e2d.jpg', 1, '2026-02-19 11:51:51', '2026-02-19 11:51:51'),
(121, 1, 'EQUIPO', 'Cámara', 'Cámara Hikvision 2.8mm', 'Hikvision', 'DS-2CE56D0T-IRPF', 'K23594094', 1.00, 'UND', 'BUENO', 1, 4, NULL, NULL, NULL, '', 'inventario/leoncorp_bucket/bienes/1/2026/02/17715200472611847716780002978712_jpg_1771520057_88de2bcebf2b.jpg', 1, '2026-02-19 11:55:36', '2026-02-19 11:55:36'),
(122, 1, 'EQUIPO', 'Cámara', 'Camara Hikvision 3.5mm', 'Hikvision', 'DS-2CE56COT-IT3F', 'C5851938', 1.00, 'UND', 'BUENO', 1, 4, NULL, NULL, NULL, '', 'inventario/leoncorp_bucket/bienes/1/2026/02/1771520262723691922491331458429_jpg_1771520269_d7c4658d8654.jpg', 1, '2026-02-19 11:59:38', '2026-02-19 11:59:38'),
(123, 1, 'EQUIPO', 'Cámara', 'Cámara Hikvision 3.6mm', 'Hikvision', 'DS-2CE56COT-IT3F', 'C58519231', 1.00, 'UND', 'BUENO', 1, 4, NULL, NULL, NULL, '', 'inventario/leoncorp_bucket/bienes/1/2026/02/17715204842151252595779040184202_jpg_1771520497_8ceea2e36296.jpg', 1, '2026-02-19 12:02:31', '2026-02-19 12:02:31'),
(124, 1, 'EQUIPO', 'Cámara', 'Cámara Hikvision 3.6mm protector de lente roto', 'Hikvision', 'DS-2CE562T-IT3', '559596420', 1.00, 'UND', 'REGULAR', 1, 4, NULL, NULL, NULL, '', 'inventario/leoncorp_bucket/bienes/1/2026/02/1771521401097622462910826182771_jpg_1771521424_f9a010d63b07.jpg', 1, '2026-02-19 12:18:25', '2026-02-19 12:18:25'),
(125, 1, 'EQUIPO', 'Cámara', 'Cámara Hikvision 3.6mm', 'Hikvision', 'DS-2CD2110F-I', '587592140', 1.00, 'UND', 'BUENO', 1, 4, NULL, NULL, NULL, '', 'inventario/leoncorp_bucket/bienes/1/2026/02/17715221568064017875113967468791_jpg_1771522168_a5058764882d.jpg', 1, '2026-02-19 12:30:22', '2026-02-19 12:30:22'),
(130, 1, 'EQUIPO', 'Cámara', 'Cámara Hikvision 3.6mm', 'Hikvision', 'DS-2CD2110F-I', '524545612', 1.00, 'UND', 'BUENO', 1, 4, NULL, NULL, NULL, '', 'inventario/leoncorp_bucket/bienes/1/2026/02/17715223979791220470667326405745_jpg_1771522404_0cada1bc9db1.jpg', 1, '2026-02-19 12:34:14', '2026-02-19 12:34:14'),
(145, 1, 'EQUIPO', 'Cámara', 'Cámara Hikvision 3.6mm', 'Hikvision', 'DS-2CE56C2T-IT1', '558172820', 1.00, 'UND', 'BUENO', 1, 4, NULL, NULL, NULL, '', 'inventario/leoncorp_bucket/bienes/1/2026/02/17716086476664247896393998971063_jpg_1771608656_8c04c834eec9.jpg', 1, '2026-02-20 12:27:36', '2026-02-20 12:35:07'),
(147, 1, 'EQUIPO', 'Teclado', 'Teclado Enkore', 'Enkore', 'ENT 502', NULL, 1.00, 'UND', 'BUENO', 1, 4, NULL, NULL, NULL, '', 'inventario/leoncorp_bucket/bienes/1/2026/02/17720316136642978969338219175875_jpg_1772031699_9d1ceeb1e386.jpg', 1, '2026-02-25 10:02:05', '2026-02-25 10:02:05'),
(148, 1, 'EQUIPO', 'Teclado', 'Teclado Enkore, letras borradas', 'Enkore', 'ENT 502', '8992ENT5021186', 1.00, 'UND', 'REGULAR', 1, 4, NULL, NULL, NULL, '', 'inventario/leoncorp_bucket/bienes/1/2026/02/17720318220597222853760656847660_jpg_1772031839_afd4c8033e5a.jpg', 1, '2026-02-25 10:04:43', '2026-02-25 10:10:23'),
(149, 1, 'EQUIPO', 'Teclado', 'Teclado Logitech, letras borradas', 'Logitech', 'K120', '1824SC50TKR8', 1.00, 'UND', 'REGULAR', 1, 4, NULL, NULL, NULL, '', 'inventario/leoncorp_bucket/bienes/1/2026/02/17720319819961040643343925333823_jpg_1772032003_fa56fe68bbfc.jpg', 1, '2026-02-25 10:07:23', '2026-02-25 10:09:29'),
(150, 1, 'EQUIPO', 'Teclado', 'Teclado Logitech, letras borradas', 'Logitech', 'K120', '2037SC33LWUS', 1.00, 'UND', 'REGULAR', 1, 4, NULL, NULL, NULL, '', 'inventario/leoncorp_bucket/bienes/1/2026/02/17720320946265003976865097193580_jpg_1772032108_05c3e972669b.jpg', 1, '2026-02-25 10:09:03', '2026-02-25 10:09:03'),
(151, 1, 'EQUIPO', 'Teclado', 'Teclado Halion', 'Halion', 'HA-K233C', 'CO-2379-2380', 1.00, 'UND', 'BUENO', 1, 4, NULL, NULL, NULL, '', 'inventario/leoncorp_bucket/bienes/1/2026/02/17720324375233835677504524654159_jpg_1772032452_b173b06cd46e.jpg', 1, '2026-02-25 10:15:02', '2026-02-25 10:15:02'),
(153, 1, 'EQUIPO', 'Teclado', 'Teclado Halion', 'Halion', 'HA-K233C', '2379-2380', 1.00, 'UND', 'BUENO', 1, 4, NULL, NULL, NULL, '', 'inventario/leoncorp_bucket/bienes/1/2026/02/17720326540736387504617600507027_jpg_1772032672_dc2ba6360b30.jpg', 1, '2026-02-25 10:18:34', '2026-02-25 10:18:34'),
(154, 1, 'EQUIPO', 'Teclado', 'Teclado Halion', 'Halion', 'HA-KIT 45', 'CO-2419', 1.00, 'UND', 'BUENO', 1, 4, NULL, NULL, NULL, '', 'inventario/leoncorp_bucket/bienes/1/2026/02/17720329886751999877688471133525_jpg_1772033003_2be6b557c11c.jpg', 1, '2026-02-25 10:24:04', '2026-02-25 10:24:04'),
(155, 1, 'EQUIPO', 'Teclado', 'Teclado Enkore, letras borradas', 'Enkore', 'ENT 508', '3835ENT5085000', 1.00, 'UND', 'REGULAR', 1, 4, NULL, NULL, NULL, '', 'inventario/leoncorp_bucket/bienes/1/2026/02/17720330797047980113090868016712_jpg_1772033093_5ac83fe325f6.jpg', 1, '2026-02-25 10:25:41', '2026-02-25 10:25:41'),
(156, 1, 'EQUIPO', 'Teclado', 'Teclado Cybertel', 'Cybertel', 'CYB K107', '4024k1074868', 1.00, 'UND', 'BUENO', 1, 4, NULL, NULL, NULL, '', 'inventario/leoncorp_bucket/bienes/1/2026/02/17720332642553600900782265354299_jpg_1772033277_f2658109cae0.jpg', 1, '2026-02-25 10:28:45', '2026-02-25 10:28:45'),
(157, 1, 'EQUIPO', 'Teclado', 'Teclado Genius', 'Genius', 'GK-070008/U', 'ZCE1C0200314', 1.00, 'UND', 'BUENO', 1, 4, NULL, NULL, NULL, '', 'inventario/leoncorp_bucket/bienes/1/2026/02/17720362575387626131380314235146_jpg_1772036271_da25d0a9507a.jpg', 1, '2026-02-25 11:18:37', '2026-02-25 11:18:37'),
(158, 1, 'EQUIPO', 'Teclado', 'Teclado Teros', 'Teros', 'TE-D8700', NULL, 1.00, 'UND', 'BUENO', 1, 4, NULL, NULL, NULL, '', 'inventario/leoncorp_bucket/bienes/1/2026/02/17720365559336397464252357083317_jpg_1772036568_9c0a355905b1.jpg', 1, '2026-02-25 11:23:16', '2026-02-25 11:23:16'),
(159, 1, 'EQUIPO', 'Teclado', 'Teclado Genius, letras borradas', 'Genius', 'GK-150001', 'XE1508A15103', 1.00, 'UND', 'REGULAR', 1, 4, NULL, NULL, NULL, '', 'inventario/leoncorp_bucket/bienes/1/2026/02/17720366480563787154995066605365_jpg_1772036663_649c36b1cee6.jpg', 1, '2026-02-25 11:25:18', '2026-02-25 11:25:18'),
(160, 1, 'EQUIPO', 'Mouse', 'Mouse DVR', '', '', 'Dvr1', 1.00, 'UND', 'BUENO', 1, 4, NULL, NULL, NULL, '', 'inventario/leoncorp_bucket/bienes/1/2026/02/17720368801287738172876927447603_jpg_1772036894_7af6136637d9.jpg', 1, '2026-02-25 11:28:29', '2026-02-25 11:31:23'),
(161, 1, 'EQUIPO', 'Mouse', 'Mouse DVR', '', '', 'Dvr2', 1.00, 'UND', 'BUENO', 1, 4, NULL, NULL, NULL, '', 'inventario/leoncorp_bucket/bienes/1/2026/02/1000204129_jpg_1772037023_9cf8d125ce25.jpg', 1, '2026-02-25 11:30:29', '2026-02-25 11:30:29'),
(162, 1, 'EQUIPO', 'Mouse', 'Mouse DVR', '', '', 'Dvr3', 1.00, 'UND', 'BUENO', 1, 4, NULL, NULL, NULL, '', 'inventario/leoncorp_bucket/bienes/1/2026/02/1000204129_jpg_1772037050_0fe5d81ba235.jpg', 1, '2026-02-25 11:31:10', '2026-02-25 11:31:30'),
(163, 1, 'EQUIPO', 'Mouse', 'Mous DVR', '', '', 'Dvr4', 1.00, 'UND', 'BUENO', 1, 4, NULL, NULL, NULL, '', 'inventario/leoncorp_bucket/bienes/1/2026/02/1000204129_jpg_1772037109_ec520839e018.jpg', 1, '2026-02-25 11:32:13', '2026-02-25 11:32:13'),
(164, 1, 'EQUIPO', 'Mouse', 'Mouse DVR', '', '', 'Dvr5', 1.00, 'UND', 'BUENO', 1, 4, NULL, NULL, NULL, '', 'inventario/leoncorp_bucket/bienes/1/2026/02/1000204129_jpg_1772037168_104d144385d4.jpg', 1, '2026-02-25 11:33:00', '2026-02-25 11:33:00'),
(165, 1, 'EQUIPO', 'Mouse', 'Mouse DVR', '', '', 'Dvr6', 1.00, 'UND', 'BUENO', 1, 4, NULL, NULL, NULL, '', 'inventario/leoncorp_bucket/bienes/1/2026/02/17720371911724470075860245697426_jpg_1772037196_f5803775d008.jpg', 1, '2026-02-25 11:33:27', '2026-02-25 11:33:27'),
(166, 1, 'EQUIPO', 'Mouse', 'Mouse Logitech', 'Logitech', 'MU26', '810-002182', 1.00, 'UND', 'BUENO', 1, 4, NULL, NULL, NULL, '', 'inventario/leoncorp_bucket/bienes/1/2026/02/17720372291933260518454757151687_jpg_1772037234_6434b399c3ac.jpg', 1, '2026-02-25 11:34:57', '2026-02-25 11:34:57'),
(167, 1, 'EQUIPO', 'Mouse', 'Mouse Logitech', 'Logitech', 'MU26', '810002182', 1.00, 'UND', 'BUENO', 1, 4, NULL, NULL, NULL, '', 'inventario/leoncorp_bucket/bienes/1/2026/02/17720373274303075901309298083072_jpg_1772037334_5feedff2b64b.jpg', 1, '2026-02-25 11:36:37', '2026-02-25 11:36:37'),
(168, 1, 'EQUIPO', 'Mouse', 'Mouse Genius', 'Genius', 'DX110', 'X9H95301215251', 1.00, 'UND', 'BUENO', 1, 4, NULL, NULL, NULL, '', 'inventario/leoncorp_bucket/bienes/1/2026/02/17720375744241084431999437201771_jpg_1772037581_94fa64865ad5.jpg', 1, '2026-02-25 11:40:31', '2026-02-25 11:40:31'),
(169, 1, 'EQUIPO', 'Mouse', 'Mouse Genius', 'Genius', 'DX120', 'XE1508A1510E', 1.00, 'UND', 'BUENO', 1, 4, NULL, NULL, NULL, '', 'inventario/leoncorp_bucket/bienes/1/2026/02/17720376486954610274045562323322_jpg_1772037651_5b842d1369ba.jpg', 1, '2026-02-25 11:41:45', '2026-02-25 11:41:45'),
(171, 1, 'EQUIPO', 'Mouse', 'Mouse Genius', 'Genius', 'DX160', 'Nn', 1.00, 'UND', 'BUENO', 1, 4, NULL, NULL, NULL, '', 'inventario/leoncorp_bucket/bienes/1/2026/02/17720377193412108247452657089546_jpg_1772037722_18a290f30a19.jpg', 1, '2026-02-25 11:42:34', '2026-02-25 11:42:48'),
(172, 1, 'EQUIPO', 'Mouse', 'Mouse Microsoft', 'Microsoft', 'MSK1113', 'X821908-001', 1.00, 'UND', 'BUENO', 1, 4, NULL, NULL, NULL, '', 'inventario/leoncorp_bucket/bienes/1/2026/02/17720377833245151204228255696382_jpg_1772037786_f394665e2471.jpg', 1, '2026-02-25 11:44:15', '2026-02-25 11:44:15'),
(174, 1, 'EQUIPO', 'Mouse', 'Mouse Halion', 'Haliob', 'HA-K233C', '23792380', 1.00, 'UND', 'BUENO', 1, 4, NULL, NULL, NULL, '', 'inventario/leoncorp_bucket/bienes/1/2026/02/17720378719226847949997256941477_jpg_1772037880_7ec186d3933c.jpg', 1, '2026-02-25 11:45:22', '2026-02-25 11:45:22');

-- --------------------------------------------------------

--
-- Estructura de tabla para la tabla `inv_bien_categoria`
--

CREATE TABLE `inv_bien_categoria` (
  `id_bien` int(10) UNSIGNED NOT NULL,
  `id_categoria` int(10) UNSIGNED NOT NULL
) ENGINE=InnoDB DEFAULT CHARSET=utf8mb4 COLLATE=utf8mb4_spanish_ci;

--
-- Volcado de datos para la tabla `inv_bien_categoria`
--

INSERT INTO `inv_bien_categoria` (`id_bien`, `id_categoria`) VALUES
(13, 1),
(14, 1),
(15, 1),
(16, 1),
(17, 1),
(18, 1),
(19, 1),
(20, 1),
(21, 1),
(22, 1),
(24, 1),
(25, 1),
(112, 1),
(113, 1),
(114, 1),
(115, 1),
(116, 1),
(117, 1),
(118, 1),
(119, 1),
(120, 1),
(121, 1),
(122, 1),
(123, 1),
(124, 1),
(125, 1),
(130, 1),
(145, 1),
(31, 4),
(32, 4),
(33, 4),
(34, 4),
(35, 4),
(36, 4),
(37, 4),
(41, 4),
(42, 4),
(70, 4),
(72, 4),
(73, 4),
(74, 4),
(75, 4),
(76, 4),
(77, 4),
(78, 4),
(79, 4),
(80, 4),
(81, 4),
(82, 4),
(83, 4),
(91, 4),
(92, 4),
(93, 4),
(94, 4),
(96, 4),
(97, 4),
(98, 4),
(99, 4),
(100, 4),
(101, 4),
(102, 4),
(103, 4),
(104, 4),
(105, 4),
(106, 4),
(23, 5),
(52, 5),
(53, 5),
(59, 5),
(60, 5),
(61, 5),
(62, 5),
(64, 5),
(66, 5),
(67, 5),
(68, 5),
(111, 5),
(1, 6),
(2, 6),
(3, 6),
(5, 6),
(6, 6),
(7, 6),
(8, 6),
(9, 6),
(10, 6),
(11, 6),
(12, 6),
(27, 6),
(28, 6),
(29, 6),
(30, 6),
(107, 6),
(108, 6),
(109, 6),
(110, 6),
(147, 6),
(148, 6),
(149, 6),
(150, 6),
(151, 6),
(153, 6),
(154, 6),
(155, 6),
(156, 6),
(157, 6),
(158, 6),
(159, 6),
(160, 6),
(161, 6),
(162, 6),
(163, 6),
(164, 6),
(165, 6),
(166, 6),
(167, 6),
(168, 6),
(169, 6),
(171, 6),
(172, 6),
(174, 6),
(23, 7),
(24, 7),
(25, 7),
(26, 7),
(43, 8),
(44, 8),
(45, 8),
(46, 8),
(47, 8),
(48, 8),
(49, 8),
(50, 8),
(51, 8);

-- --------------------------------------------------------

--
-- Estructura de tabla para la tabla `inv_categorias`
--

CREATE TABLE `inv_categorias` (
  `id` int(10) UNSIGNED NOT NULL,
  `id_empresa` int(10) UNSIGNED NOT NULL,
  `nombre` varchar(80) NOT NULL,
  `activo` tinyint(1) NOT NULL DEFAULT 1,
  `creado` datetime NOT NULL DEFAULT current_timestamp(),
  `actualizado` datetime NOT NULL DEFAULT current_timestamp() ON UPDATE current_timestamp()
) ENGINE=InnoDB DEFAULT CHARSET=utf8mb4 COLLATE=utf8mb4_spanish_ci;

--
-- Volcado de datos para la tabla `inv_categorias`
--

INSERT INTO `inv_categorias` (`id`, `id_empresa`, `nombre`, `activo`, `creado`, `actualizado`) VALUES
(1, 1, 'camaras', 1, '2026-01-30 15:51:04', '2026-01-30 15:51:04'),
(2, 1, 'inspección', 1, '2026-01-30 15:51:23', '2026-01-30 15:51:23'),
(3, 1, 'tumbes', 1, '2026-01-30 15:51:34', '2026-01-30 15:51:34'),
(4, 1, 'huelleros', 1, '2026-01-30 15:53:49', '2026-01-30 15:53:49'),
(5, 1, 'redes', 1, '2026-01-30 15:55:34', '2026-01-30 15:55:34'),
(6, 1, 'Computo', 1, '2026-02-02 12:48:50', '2026-02-02 12:48:50'),
(7, 1, 'OpenCarTumbes', 1, '2026-02-04 16:51:42', '2026-02-04 16:51:42'),
(8, 1, 'Facturación', 1, '2026-02-11 11:58:19', '2026-02-11 11:58:19');

-- --------------------------------------------------------

--
-- Estructura de tabla para la tabla `inv_movimientos`
--

CREATE TABLE `inv_movimientos` (
  `id` bigint(20) UNSIGNED NOT NULL,
  `id_empresa` int(10) UNSIGNED NOT NULL,
  `id_bien` int(10) UNSIGNED NOT NULL,
  `tipo` enum('INGRESO','ASIGNACION','TRASLADO','BAJA','AJUSTE') NOT NULL DEFAULT 'TRASLADO',
  `desde_ubicacion` int(10) UNSIGNED DEFAULT NULL,
  `hacia_ubicacion` int(10) UNSIGNED DEFAULT NULL,
  `desde_responsable` int(10) UNSIGNED DEFAULT NULL,
  `desde_resp_nombres` varchar(100) DEFAULT NULL,
  `desde_resp_apellidos` varchar(100) DEFAULT NULL,
  `desde_resp_dni` varchar(15) DEFAULT NULL,
  `hacia_responsable` int(10) UNSIGNED DEFAULT NULL,
  `hacia_resp_nombres` varchar(100) DEFAULT NULL,
  `hacia_resp_apellidos` varchar(100) DEFAULT NULL,
  `hacia_resp_dni` varchar(15) DEFAULT NULL,
  `cantidad` decimal(12,2) DEFAULT NULL,
  `nota` varchar(255) DEFAULT NULL,
  `id_usuario` int(10) UNSIGNED NOT NULL,
  `creado` datetime NOT NULL DEFAULT current_timestamp()
) ENGINE=InnoDB DEFAULT CHARSET=utf8mb4 COLLATE=utf8mb4_spanish_ci;

--
-- Volcado de datos para la tabla `inv_movimientos`
--

INSERT INTO `inv_movimientos` (`id`, `id_empresa`, `id_bien`, `tipo`, `desde_ubicacion`, `hacia_ubicacion`, `desde_responsable`, `desde_resp_nombres`, `desde_resp_apellidos`, `desde_resp_dni`, `hacia_responsable`, `hacia_resp_nombres`, `hacia_resp_apellidos`, `hacia_resp_dni`, `cantidad`, `nota`, `id_usuario`, `creado`) VALUES
(1, 1, 1, 'INGRESO', NULL, 1, NULL, NULL, NULL, NULL, 4, NULL, NULL, NULL, 1.00, 'Ingreso inicial', 4, '2026-02-02 12:48:53'),
(2, 1, 2, 'INGRESO', NULL, 1, NULL, NULL, NULL, NULL, 4, NULL, NULL, NULL, 1.00, 'Ingreso inicial', 4, '2026-02-02 12:53:11'),
(3, 1, 3, 'INGRESO', NULL, 1, NULL, NULL, NULL, NULL, 4, NULL, NULL, NULL, 1.00, 'Ingreso inicial', 4, '2026-02-02 12:58:08'),
(4, 1, 5, 'INGRESO', NULL, 1, NULL, NULL, NULL, NULL, 4, NULL, NULL, NULL, 1.00, 'Ingreso inicial', 4, '2026-02-02 13:03:45'),
(5, 1, 6, 'INGRESO', NULL, 1, NULL, NULL, NULL, NULL, 1, NULL, NULL, NULL, 1.00, 'Ingreso inicial', 1, '2026-02-02 18:53:42'),
(6, 1, 7, 'INGRESO', NULL, 1, NULL, NULL, NULL, NULL, 1, NULL, NULL, NULL, 1.00, 'Ingreso inicial', 1, '2026-02-02 19:35:03'),
(7, 1, 8, 'INGRESO', NULL, 1, NULL, NULL, NULL, NULL, 1, NULL, NULL, NULL, 1.00, 'Ingreso inicial', 1, '2026-02-02 19:40:37'),
(8, 1, 9, 'INGRESO', NULL, 1, NULL, NULL, NULL, NULL, 1, NULL, NULL, NULL, 1.00, 'Ingreso inicial', 1, '2026-02-02 19:46:40'),
(9, 1, 10, 'INGRESO', NULL, 1, NULL, NULL, NULL, NULL, 1, NULL, NULL, NULL, 1.00, 'Ingreso inicial', 1, '2026-02-02 19:51:19'),
(10, 1, 11, 'INGRESO', NULL, 1, NULL, NULL, NULL, NULL, 1, NULL, NULL, NULL, 1.00, 'Ingreso inicial', 1, '2026-02-02 19:56:38'),
(11, 1, 12, 'INGRESO', NULL, 1, NULL, NULL, NULL, NULL, 1, NULL, NULL, NULL, 1.00, 'Ingreso inicial', 1, '2026-02-02 20:01:39'),
(12, 1, 13, 'INGRESO', NULL, 1, NULL, NULL, NULL, NULL, 4, NULL, NULL, NULL, 1.00, 'Ingreso inicial', 4, '2026-02-03 11:13:19'),
(13, 1, 14, 'INGRESO', NULL, 1, NULL, NULL, NULL, NULL, 4, NULL, NULL, NULL, 1.00, 'Ingreso inicial', 4, '2026-02-03 11:19:21'),
(14, 1, 15, 'INGRESO', NULL, 1, NULL, NULL, NULL, NULL, 4, NULL, NULL, NULL, 1.00, 'Ingreso inicial', 4, '2026-02-03 11:28:19'),
(15, 1, 16, 'INGRESO', NULL, 1, NULL, NULL, NULL, NULL, 4, NULL, NULL, NULL, 1.00, 'Ingreso inicial', 4, '2026-02-03 11:38:20'),
(16, 1, 17, 'INGRESO', NULL, 1, NULL, NULL, NULL, NULL, 4, NULL, NULL, NULL, 1.00, 'Ingreso inicial', 4, '2026-02-03 11:45:10'),
(17, 1, 18, 'INGRESO', NULL, 1, NULL, NULL, NULL, NULL, 4, NULL, NULL, NULL, 1.00, 'Ingreso inicial', 4, '2026-02-03 11:56:46'),
(18, 1, 19, 'INGRESO', NULL, 1, NULL, NULL, NULL, NULL, 4, NULL, NULL, NULL, 1.00, 'Ingreso inicial', 4, '2026-02-03 12:04:18'),
(19, 1, 20, 'INGRESO', NULL, 1, NULL, NULL, NULL, NULL, 4, NULL, NULL, NULL, 1.00, 'Ingreso inicial', 4, '2026-02-03 12:13:53'),
(20, 1, 21, 'INGRESO', NULL, 1, NULL, NULL, NULL, NULL, 4, NULL, NULL, NULL, 1.00, 'Ingreso inicial', 4, '2026-02-03 12:24:14'),
(21, 1, 22, 'INGRESO', NULL, 1, NULL, NULL, NULL, NULL, 4, NULL, NULL, NULL, 1.00, 'Ingreso inicial', 4, '2026-02-03 12:27:06'),
(22, 1, 23, 'INGRESO', NULL, 1, NULL, NULL, NULL, NULL, 1, NULL, NULL, NULL, 1.00, 'Ingreso inicial', 1, '2026-02-04 15:34:57'),
(23, 1, 24, 'INGRESO', NULL, 1, NULL, NULL, NULL, NULL, 1, NULL, NULL, NULL, 1.00, 'Ingreso inicial', 1, '2026-02-04 16:51:44'),
(24, 1, 25, 'INGRESO', NULL, 1, NULL, NULL, NULL, NULL, 1, NULL, NULL, NULL, 1.00, 'Ingreso inicial', 1, '2026-02-04 17:05:26'),
(25, 1, 26, 'INGRESO', NULL, 1, NULL, NULL, NULL, NULL, 1, NULL, NULL, NULL, 1.00, 'Ingreso inicial', 1, '2026-02-04 17:09:04'),
(26, 1, 27, 'INGRESO', NULL, 1, NULL, NULL, NULL, NULL, 4, NULL, NULL, NULL, 1.00, 'Ingreso inicial', 4, '2026-02-05 10:16:00'),
(27, 1, 28, 'INGRESO', NULL, 1, NULL, NULL, NULL, NULL, 4, NULL, NULL, NULL, 1.00, 'Ingreso inicial', 4, '2026-02-05 10:18:36'),
(28, 1, 29, 'INGRESO', NULL, 1, NULL, NULL, NULL, NULL, 4, NULL, NULL, NULL, 1.00, 'Ingreso inicial', 4, '2026-02-05 10:22:54'),
(29, 1, 30, 'INGRESO', NULL, 1, NULL, NULL, NULL, NULL, 4, NULL, NULL, NULL, 1.00, 'Ingreso inicial', 4, '2026-02-05 10:28:44'),
(30, 1, 31, 'INGRESO', NULL, 1, NULL, NULL, NULL, NULL, 4, NULL, NULL, NULL, 1.00, 'Ingreso inicial', 4, '2026-02-05 11:06:34'),
(31, 1, 32, 'INGRESO', NULL, 1, NULL, NULL, NULL, NULL, 4, NULL, NULL, NULL, 1.00, 'Ingreso inicial', 4, '2026-02-05 11:11:56'),
(32, 1, 33, 'INGRESO', NULL, 1, NULL, NULL, NULL, NULL, 4, NULL, NULL, NULL, 1.00, 'Ingreso inicial', 4, '2026-02-05 11:25:07'),
(33, 1, 34, 'INGRESO', NULL, 1, NULL, NULL, NULL, NULL, 4, NULL, NULL, NULL, 1.00, 'Ingreso inicial', 4, '2026-02-05 11:44:57'),
(34, 1, 35, 'INGRESO', NULL, 1, NULL, NULL, NULL, NULL, 4, NULL, NULL, NULL, 1.00, 'Ingreso inicial', 4, '2026-02-05 11:53:28'),
(35, 1, 36, 'INGRESO', NULL, 1, NULL, NULL, NULL, NULL, 4, NULL, NULL, NULL, 1.00, 'Ingreso inicial', 4, '2026-02-05 12:22:19'),
(36, 1, 37, 'INGRESO', NULL, 1, NULL, NULL, NULL, NULL, 4, NULL, NULL, NULL, 1.00, 'Ingreso inicial', 4, '2026-02-09 11:39:26'),
(37, 1, 41, 'INGRESO', NULL, 1, NULL, NULL, NULL, NULL, 4, NULL, NULL, NULL, 1.00, 'Ingreso inicial', 4, '2026-02-09 12:28:55'),
(38, 1, 42, 'INGRESO', NULL, 1, NULL, NULL, NULL, NULL, 4, NULL, NULL, NULL, 1.00, 'Ingreso inicial', 4, '2026-02-09 12:35:40'),
(39, 1, 43, 'INGRESO', NULL, 1, NULL, NULL, NULL, NULL, 4, NULL, NULL, NULL, 1.00, 'Ingreso inicial', 4, '2026-02-11 11:58:39'),
(40, 1, 44, 'INGRESO', NULL, 1, NULL, NULL, NULL, NULL, 4, NULL, NULL, NULL, 1.00, 'Ingreso inicial', 4, '2026-02-11 12:01:57'),
(41, 1, 45, 'INGRESO', NULL, 1, NULL, NULL, NULL, NULL, 4, NULL, NULL, NULL, 1.00, 'Ingreso inicial', 4, '2026-02-11 12:05:20'),
(42, 1, 46, 'INGRESO', NULL, 1, NULL, NULL, NULL, NULL, 4, NULL, NULL, NULL, 1.00, 'Ingreso inicial', 4, '2026-02-11 12:07:05'),
(43, 1, 47, 'INGRESO', NULL, 1, NULL, NULL, NULL, NULL, 4, NULL, NULL, NULL, 1.00, 'Ingreso inicial', 4, '2026-02-11 12:12:28'),
(44, 1, 48, 'INGRESO', NULL, 1, NULL, NULL, NULL, NULL, 4, NULL, NULL, NULL, 1.00, 'Ingreso inicial', 4, '2026-02-11 12:13:39'),
(45, 1, 49, 'INGRESO', NULL, 1, NULL, NULL, NULL, NULL, 4, NULL, NULL, NULL, 1.00, 'Ingreso inicial', 4, '2026-02-11 12:14:39'),
(46, 1, 50, 'INGRESO', NULL, 1, NULL, NULL, NULL, NULL, 4, NULL, NULL, NULL, 1.00, 'Ingreso inicial', 4, '2026-02-11 12:15:46'),
(47, 1, 51, 'INGRESO', NULL, 1, NULL, NULL, NULL, NULL, 4, NULL, NULL, NULL, 1.00, 'Ingreso inicial', 4, '2026-02-11 12:19:10'),
(48, 1, 52, 'INGRESO', NULL, 1, NULL, NULL, NULL, NULL, 4, NULL, NULL, NULL, 1.00, 'Ingreso inicial', 4, '2026-02-13 10:48:24'),
(49, 1, 53, 'INGRESO', NULL, 1, NULL, NULL, NULL, NULL, 4, NULL, NULL, NULL, 1.00, 'Ingreso inicial', 4, '2026-02-13 10:56:18'),
(50, 1, 59, 'INGRESO', NULL, 1, NULL, NULL, NULL, NULL, 4, NULL, NULL, NULL, 1.00, 'Ingreso inicial', 4, '2026-02-13 10:58:05'),
(51, 1, 60, 'INGRESO', NULL, 1, NULL, NULL, NULL, NULL, 4, NULL, NULL, NULL, 1.00, 'Ingreso inicial', 4, '2026-02-13 11:03:42'),
(52, 1, 61, 'INGRESO', NULL, 1, NULL, NULL, NULL, NULL, 4, NULL, NULL, NULL, 1.00, 'Ingreso inicial', 4, '2026-02-13 11:06:49'),
(53, 1, 62, 'INGRESO', NULL, 1, NULL, NULL, NULL, NULL, 4, NULL, NULL, NULL, 1.00, 'Ingreso inicial', 4, '2026-02-13 11:09:52'),
(54, 1, 64, 'INGRESO', NULL, 1, NULL, NULL, NULL, NULL, 4, NULL, NULL, NULL, 1.00, 'Ingreso inicial', 4, '2026-02-13 11:12:53'),
(55, 1, 66, 'INGRESO', NULL, 1, NULL, NULL, NULL, NULL, 4, NULL, NULL, NULL, 1.00, 'Ingreso inicial', 4, '2026-02-13 11:24:02'),
(56, 1, 67, 'INGRESO', NULL, 1, NULL, NULL, NULL, NULL, 4, NULL, NULL, NULL, 1.00, 'Ingreso inicial', 4, '2026-02-13 11:27:10'),
(57, 1, 68, 'INGRESO', NULL, 1, NULL, NULL, NULL, NULL, 4, NULL, NULL, NULL, 1.00, 'Ingreso inicial', 4, '2026-02-13 11:53:33'),
(58, 1, 70, 'INGRESO', NULL, 1, NULL, NULL, NULL, NULL, 4, NULL, NULL, NULL, 1.00, 'Ingreso inicial', 4, '2026-02-16 11:07:10'),
(59, 1, 72, 'INGRESO', NULL, 1, NULL, NULL, NULL, NULL, 4, NULL, NULL, NULL, 1.00, 'Ingreso inicial', 4, '2026-02-16 11:09:48'),
(60, 1, 73, 'INGRESO', NULL, 1, NULL, NULL, NULL, NULL, 4, NULL, NULL, NULL, 1.00, 'Ingreso inicial', 4, '2026-02-16 11:12:21'),
(61, 1, 74, 'INGRESO', NULL, 1, NULL, NULL, NULL, NULL, 4, NULL, NULL, NULL, 1.00, 'Ingreso inicial', 4, '2026-02-16 11:14:36'),
(62, 1, 75, 'INGRESO', NULL, 1, NULL, NULL, NULL, NULL, 4, NULL, NULL, NULL, 1.00, 'Ingreso inicial', 4, '2026-02-16 11:19:44'),
(63, 1, 76, 'INGRESO', NULL, 1, NULL, NULL, NULL, NULL, 4, NULL, NULL, NULL, 1.00, 'Ingreso inicial', 4, '2026-02-16 11:21:27'),
(64, 1, 77, 'INGRESO', NULL, 1, NULL, NULL, NULL, NULL, 4, NULL, NULL, NULL, 1.00, 'Ingreso inicial', 4, '2026-02-16 11:23:16'),
(65, 1, 78, 'INGRESO', NULL, 1, NULL, NULL, NULL, NULL, 4, NULL, NULL, NULL, 1.00, 'Ingreso inicial', 4, '2026-02-16 11:25:30'),
(66, 1, 79, 'INGRESO', NULL, 1, NULL, NULL, NULL, NULL, NULL, NULL, NULL, NULL, 1.00, 'Ingreso inicial', 4, '2026-02-16 11:26:44'),
(67, 1, 80, 'INGRESO', NULL, 1, NULL, NULL, NULL, NULL, 4, NULL, NULL, NULL, 1.00, 'Ingreso inicial', 4, '2026-02-16 11:28:31'),
(68, 1, 81, 'INGRESO', NULL, 1, NULL, NULL, NULL, NULL, 4, NULL, NULL, NULL, 1.00, 'Ingreso inicial', 4, '2026-02-16 11:30:34'),
(69, 1, 82, 'INGRESO', NULL, 1, NULL, NULL, NULL, NULL, 4, NULL, NULL, NULL, 1.00, 'Ingreso inicial', 4, '2026-02-16 11:33:41'),
(70, 1, 83, 'INGRESO', NULL, 1, NULL, NULL, NULL, NULL, 4, NULL, NULL, NULL, 1.00, 'Ingreso inicial', 4, '2026-02-16 11:35:01'),
(71, 1, 91, 'INGRESO', NULL, 1, NULL, NULL, NULL, NULL, 4, NULL, NULL, NULL, 1.00, 'Ingreso inicial', 4, '2026-02-16 11:38:58'),
(72, 1, 92, 'INGRESO', NULL, 1, NULL, NULL, NULL, NULL, 4, NULL, NULL, NULL, 1.00, 'Ingreso inicial', 4, '2026-02-16 11:40:06'),
(73, 1, 93, 'INGRESO', NULL, 1, NULL, NULL, NULL, NULL, 4, NULL, NULL, NULL, 1.00, 'Ingreso inicial', 4, '2026-02-16 11:45:30'),
(74, 1, 94, 'INGRESO', NULL, 1, NULL, NULL, NULL, NULL, 4, NULL, NULL, NULL, 1.00, 'Ingreso inicial', 4, '2026-02-16 11:47:07'),
(75, 1, 96, 'INGRESO', NULL, 1, NULL, NULL, NULL, NULL, 4, NULL, NULL, NULL, 1.00, 'Ingreso inicial', 4, '2026-02-16 11:57:37'),
(76, 1, 97, 'INGRESO', NULL, 1, NULL, NULL, NULL, NULL, 4, NULL, NULL, NULL, 1.00, 'Ingreso inicial', 4, '2026-02-16 11:59:55'),
(77, 1, 98, 'INGRESO', NULL, 1, NULL, NULL, NULL, NULL, 4, NULL, NULL, NULL, 1.00, 'Ingreso inicial', 4, '2026-02-16 12:01:39'),
(78, 1, 99, 'INGRESO', NULL, 1, NULL, NULL, NULL, NULL, 4, NULL, NULL, NULL, 1.00, 'Ingreso inicial', 4, '2026-02-16 12:03:39'),
(79, 1, 100, 'INGRESO', NULL, 1, NULL, NULL, NULL, NULL, 4, NULL, NULL, NULL, 1.00, 'Ingreso inicial', 4, '2026-02-16 12:15:37'),
(80, 1, 101, 'INGRESO', NULL, 1, NULL, NULL, NULL, NULL, 4, NULL, NULL, NULL, 1.00, 'Ingreso inicial', 4, '2026-02-16 12:17:13'),
(81, 1, 102, 'INGRESO', NULL, 1, NULL, NULL, NULL, NULL, 4, NULL, NULL, NULL, 1.00, 'Ingreso inicial', 4, '2026-02-16 12:18:31'),
(82, 1, 103, 'INGRESO', NULL, 1, NULL, NULL, NULL, NULL, 4, NULL, NULL, NULL, 1.00, 'Ingreso inicial', 4, '2026-02-16 12:24:19'),
(83, 1, 104, 'INGRESO', NULL, 1, NULL, NULL, NULL, NULL, 4, NULL, NULL, NULL, 1.00, 'Ingreso inicial', 4, '2026-02-16 12:25:17'),
(84, 1, 105, 'INGRESO', NULL, 1, NULL, NULL, NULL, NULL, 4, NULL, NULL, NULL, 1.00, 'Ingreso inicial', 4, '2026-02-16 12:27:19'),
(85, 1, 106, 'INGRESO', NULL, 1, NULL, NULL, NULL, NULL, 4, NULL, NULL, NULL, 1.00, 'Ingreso inicial', 4, '2026-02-16 12:34:20'),
(86, 1, 107, 'INGRESO', NULL, 1, NULL, NULL, NULL, NULL, 4, NULL, NULL, NULL, 1.00, 'Ingreso inicial', 4, '2026-02-18 10:29:08'),
(87, 1, 108, 'INGRESO', NULL, 1, NULL, NULL, NULL, NULL, 4, NULL, NULL, NULL, 1.00, 'Ingreso inicial', 4, '2026-02-18 10:48:11'),
(88, 1, 109, 'INGRESO', NULL, 1, NULL, NULL, NULL, NULL, 4, NULL, NULL, NULL, 1.00, 'Ingreso inicial', 4, '2026-02-18 11:09:14'),
(89, 1, 110, 'INGRESO', NULL, 1, NULL, NULL, NULL, NULL, 4, NULL, NULL, NULL, 1.00, 'Ingreso inicial', 4, '2026-02-18 11:23:06'),
(90, 1, 111, 'INGRESO', NULL, 1, NULL, NULL, NULL, NULL, 4, NULL, NULL, NULL, 1.00, 'Ingreso inicial', 4, '2026-02-18 11:28:06'),
(91, 1, 112, 'INGRESO', NULL, 1, NULL, NULL, NULL, NULL, 4, NULL, NULL, NULL, 1.00, 'Ingreso inicial', 4, '2026-02-19 11:06:25'),
(92, 1, 113, 'INGRESO', NULL, 1, NULL, NULL, NULL, NULL, 4, NULL, NULL, NULL, 1.00, 'Ingreso inicial', 4, '2026-02-19 11:09:06'),
(93, 1, 114, 'INGRESO', NULL, 1, NULL, NULL, NULL, NULL, 4, NULL, NULL, NULL, 1.00, 'Ingreso inicial', 4, '2026-02-19 11:15:39'),
(94, 1, 115, 'INGRESO', NULL, 1, NULL, NULL, NULL, NULL, 4, NULL, NULL, NULL, 1.00, 'Ingreso inicial', 4, '2026-02-19 11:18:07'),
(95, 1, 116, 'INGRESO', NULL, 1, NULL, NULL, NULL, NULL, 4, NULL, NULL, NULL, 1.00, 'Ingreso inicial', 4, '2026-02-19 11:19:36'),
(96, 1, 117, 'INGRESO', NULL, 1, NULL, NULL, NULL, NULL, 4, NULL, NULL, NULL, 1.00, 'Ingreso inicial', 4, '2026-02-19 11:28:56'),
(97, 1, 118, 'INGRESO', NULL, 1, NULL, NULL, NULL, NULL, 4, NULL, NULL, NULL, 1.00, 'Ingreso inicial', 4, '2026-02-19 11:36:48'),
(98, 1, 119, 'INGRESO', NULL, 1, NULL, NULL, NULL, NULL, 4, NULL, NULL, NULL, 1.00, 'Ingreso inicial', 4, '2026-02-19 11:40:21'),
(99, 1, 120, 'INGRESO', NULL, 1, NULL, NULL, NULL, NULL, 4, NULL, NULL, NULL, 1.00, 'Ingreso inicial', 4, '2026-02-19 11:51:51'),
(100, 1, 121, 'INGRESO', NULL, 1, NULL, NULL, NULL, NULL, 4, NULL, NULL, NULL, 1.00, 'Ingreso inicial', 4, '2026-02-19 11:55:36'),
(101, 1, 122, 'INGRESO', NULL, 1, NULL, NULL, NULL, NULL, 4, NULL, NULL, NULL, 1.00, 'Ingreso inicial', 4, '2026-02-19 11:59:38'),
(102, 1, 123, 'INGRESO', NULL, 1, NULL, NULL, NULL, NULL, 4, NULL, NULL, NULL, 1.00, 'Ingreso inicial', 4, '2026-02-19 12:02:31'),
(103, 1, 124, 'INGRESO', NULL, 1, NULL, NULL, NULL, NULL, 4, NULL, NULL, NULL, 1.00, 'Ingreso inicial', 4, '2026-02-19 12:18:25'),
(104, 1, 125, 'INGRESO', NULL, 1, NULL, NULL, NULL, NULL, 4, NULL, NULL, NULL, 1.00, 'Ingreso inicial', 4, '2026-02-19 12:30:22'),
(105, 1, 130, 'INGRESO', NULL, 1, NULL, NULL, NULL, NULL, 4, NULL, NULL, NULL, 1.00, 'Ingreso inicial', 4, '2026-02-19 12:34:14'),
(106, 1, 145, 'INGRESO', NULL, 1, NULL, NULL, NULL, NULL, 4, NULL, NULL, NULL, 1.00, 'Ingreso inicial', 1, '2026-02-20 12:27:36'),
(108, 1, 147, 'INGRESO', NULL, 1, NULL, NULL, NULL, NULL, 4, NULL, NULL, NULL, 1.00, 'Ingreso inicial', 4, '2026-02-25 10:02:05'),
(109, 1, 148, 'INGRESO', NULL, 1, NULL, NULL, NULL, NULL, 4, NULL, NULL, NULL, 1.00, 'Ingreso inicial', 4, '2026-02-25 10:04:43'),
(110, 1, 149, 'INGRESO', NULL, 1, NULL, NULL, NULL, NULL, 4, NULL, NULL, NULL, 1.00, 'Ingreso inicial', 4, '2026-02-25 10:07:23'),
(111, 1, 150, 'INGRESO', NULL, 1, NULL, NULL, NULL, NULL, 4, NULL, NULL, NULL, 1.00, 'Ingreso inicial', 4, '2026-02-25 10:09:03'),
(112, 1, 151, 'INGRESO', NULL, 1, NULL, NULL, NULL, NULL, 4, NULL, NULL, NULL, 1.00, 'Ingreso inicial', 4, '2026-02-25 10:15:02'),
(113, 1, 153, 'INGRESO', NULL, 1, NULL, NULL, NULL, NULL, 4, NULL, NULL, NULL, 1.00, 'Ingreso inicial', 4, '2026-02-25 10:18:34'),
(114, 1, 154, 'INGRESO', NULL, 1, NULL, NULL, NULL, NULL, 4, NULL, NULL, NULL, 1.00, 'Ingreso inicial', 4, '2026-02-25 10:24:04'),
(115, 1, 155, 'INGRESO', NULL, 1, NULL, NULL, NULL, NULL, 4, NULL, NULL, NULL, 1.00, 'Ingreso inicial', 4, '2026-02-25 10:25:41'),
(116, 1, 156, 'INGRESO', NULL, 1, NULL, NULL, NULL, NULL, 4, NULL, NULL, NULL, 1.00, 'Ingreso inicial', 4, '2026-02-25 10:28:45'),
(117, 1, 157, 'INGRESO', NULL, 1, NULL, NULL, NULL, NULL, 4, NULL, NULL, NULL, 1.00, 'Ingreso inicial', 4, '2026-02-25 11:18:37'),
(118, 1, 158, 'INGRESO', NULL, 1, NULL, NULL, NULL, NULL, 4, NULL, NULL, NULL, 1.00, 'Ingreso inicial', 4, '2026-02-25 11:23:16'),
(119, 1, 159, 'INGRESO', NULL, 1, NULL, NULL, NULL, NULL, 4, NULL, NULL, NULL, 1.00, 'Ingreso inicial', 4, '2026-02-25 11:25:18'),
(120, 1, 160, 'INGRESO', NULL, 1, NULL, NULL, NULL, NULL, 4, NULL, NULL, NULL, 1.00, 'Ingreso inicial', 4, '2026-02-25 11:28:29'),
(121, 1, 161, 'INGRESO', NULL, 1, NULL, NULL, NULL, NULL, 4, NULL, NULL, NULL, 1.00, 'Ingreso inicial', 4, '2026-02-25 11:30:29'),
(122, 1, 162, 'INGRESO', NULL, 1, NULL, NULL, NULL, NULL, NULL, NULL, NULL, NULL, 1.00, 'Ingreso inicial', 4, '2026-02-25 11:31:10'),
(123, 1, 163, 'INGRESO', NULL, 1, NULL, NULL, NULL, NULL, 4, NULL, NULL, NULL, 1.00, 'Ingreso inicial', 4, '2026-02-25 11:32:13'),
(124, 1, 164, 'INGRESO', NULL, 1, NULL, NULL, NULL, NULL, 4, NULL, NULL, NULL, 1.00, 'Ingreso inicial', 4, '2026-02-25 11:33:00'),
(125, 1, 165, 'INGRESO', NULL, 1, NULL, NULL, NULL, NULL, 4, NULL, NULL, NULL, 1.00, 'Ingreso inicial', 4, '2026-02-25 11:33:27'),
(126, 1, 166, 'INGRESO', NULL, 1, NULL, NULL, NULL, NULL, 4, NULL, NULL, NULL, 1.00, 'Ingreso inicial', 4, '2026-02-25 11:34:57'),
(127, 1, 167, 'INGRESO', NULL, 1, NULL, NULL, NULL, NULL, 4, NULL, NULL, NULL, 1.00, 'Ingreso inicial', 4, '2026-02-25 11:36:37'),
(128, 1, 168, 'INGRESO', NULL, 1, NULL, NULL, NULL, NULL, 4, NULL, NULL, NULL, 1.00, 'Ingreso inicial', 4, '2026-02-25 11:40:31'),
(129, 1, 169, 'INGRESO', NULL, 1, NULL, NULL, NULL, NULL, 4, NULL, NULL, NULL, 1.00, 'Ingreso inicial', 4, '2026-02-25 11:41:45'),
(130, 1, 171, 'INGRESO', NULL, 1, NULL, NULL, NULL, NULL, NULL, NULL, NULL, NULL, 1.00, 'Ingreso inicial', 4, '2026-02-25 11:42:34'),
(131, 1, 172, 'INGRESO', NULL, 1, NULL, NULL, NULL, NULL, 4, NULL, NULL, NULL, 1.00, 'Ingreso inicial', 4, '2026-02-25 11:44:15'),
(132, 1, 174, 'INGRESO', NULL, 1, NULL, NULL, NULL, NULL, 4, NULL, NULL, NULL, 1.00, 'Ingreso inicial', 4, '2026-02-25 11:45:22');

-- --------------------------------------------------------

--
-- Estructura de tabla para la tabla `inv_ubicaciones`
--

CREATE TABLE `inv_ubicaciones` (
  `id` int(10) UNSIGNED NOT NULL,
  `id_empresa` int(10) UNSIGNED NOT NULL,
  `nombre` varchar(120) NOT NULL,
  `descripcion` varchar(255) DEFAULT NULL,
  `activo` tinyint(1) NOT NULL DEFAULT 1,
  `creado` datetime NOT NULL DEFAULT current_timestamp(),
  `actualizado` datetime NOT NULL DEFAULT current_timestamp() ON UPDATE current_timestamp()
) ENGINE=InnoDB DEFAULT CHARSET=utf8mb4 COLLATE=utf8mb4_spanish_ci;

--
-- Volcado de datos para la tabla `inv_ubicaciones`
--

INSERT INTO `inv_ubicaciones` (`id`, `id_empresa`, `nombre`, `descripcion`, `activo`, `creado`, `actualizado`) VALUES
(1, 1, 'ALMACEN TI CENTRAL (5TO PISO)', NULL, 1, '2026-01-30 15:50:51', '2026-01-30 15:50:51');

-- --------------------------------------------------------

--
-- Estructura de tabla para la tabla `iv_camaras`
--

CREATE TABLE `iv_camaras` (
  `id` int(10) UNSIGNED NOT NULL,
  `id_empresa` int(10) UNSIGNED NOT NULL,
  `etiqueta` varchar(100) DEFAULT NULL,
  `ambiente` varchar(120) DEFAULT NULL,
  `marca` varchar(120) DEFAULT NULL,
  `modelo` varchar(120) DEFAULT NULL,
  `serie` varchar(120) DEFAULT NULL,
  `notas` varchar(255) DEFAULT NULL,
  `activo` tinyint(1) NOT NULL DEFAULT 1,
  `creado` datetime NOT NULL DEFAULT current_timestamp(),
  `actualizado` datetime NOT NULL DEFAULT current_timestamp() ON UPDATE current_timestamp()
) ENGINE=InnoDB DEFAULT CHARSET=utf8mb4 COLLATE=utf8mb4_spanish_ci;

--
-- Volcado de datos para la tabla `iv_camaras`
--

INSERT INTO `iv_camaras` (`id`, `id_empresa`, `etiqueta`, `ambiente`, `marca`, `modelo`, `serie`, `notas`, `activo`, `creado`, `actualizado`) VALUES
(1, 1, 'CAM-01', 'Entrada', 'Hikvision', 'DS-2CD2143G2-I', 'HK-CAM-PE-00001', 'Ángulo a puerta principal.', 1, '2026-02-03 11:31:52', '2026-02-03 11:31:52'),
(2, 1, 'CAM-02', 'Recepción', 'Dahua', 'IPC-HDW2431T-AS', 'DH-CAM-PE-00018', 'Vista mostrador.', 1, '2026-02-03 11:32:09', '2026-02-03 11:32:09'),
(3, 1, 'CAM-03', 'Sala CCTV', 'Uniview', 'IPC3614SR3-DPF28', 'UV-CAM-PE-00005', 'Foco fijo 2.8mm.', 1, '2026-02-03 11:32:26', '2026-02-03 11:32:26'),
(4, 8, 'CÁMARA 01', 'Recepción', 'HIKVISION', 'DS-2CE56D0T-IRPF', 'K23594167', '', 1, '2026-02-03 17:46:49', '2026-02-03 17:48:10'),
(5, 8, 'CÁMARA 02', 'Aula teórica 1', 'HIKVISION', 'DS-2CE56C2T-IT3', '559596420', '', 1, '2026-02-03 17:47:25', '2026-02-03 17:47:25'),
(6, 7, 'CÁMARA 03', 'AULA 2', 'HIKVISION', 'DS-2CE56D0T-IRPF', 'FY7383213', '', 1, '2026-02-05 18:21:25', '2026-02-06 10:22:08'),
(7, 7, 'CÁMARA 02', 'AULA 1', 'HIKVISION', 'DS-2CE56C2T-IT3', '559596410', '', 1, '2026-02-05 18:25:25', '2026-02-06 10:21:39'),
(8, 7, 'CÁMARA 04', 'PASILLO', 'HIKVISION', 'DS-2CE56C0T-IRPF', 'C84726011', '', 0, '2026-02-05 18:31:37', '2026-02-09 14:28:05'),
(9, 7, 'CÁMARA 01', 'RECEPCION', 'HIKVISION', 'DS-2CE56C2T-IT3', '558172837', '', 1, '2026-02-05 18:39:23', '2026-02-06 10:21:01'),
(10, 7, 'CÁMARA 05', 'EXTERIOR', 'HIKVISION', 'DS-2CD2022F-I', '135746720', '', 0, '2026-02-05 19:16:17', '2026-02-09 14:27:30');

-- --------------------------------------------------------

--
-- Estructura de tabla para la tabla `iv_computadoras`
--

CREATE TABLE `iv_computadoras` (
  `id` int(10) UNSIGNED NOT NULL,
  `id_empresa` int(10) UNSIGNED NOT NULL,
  `ambiente` varchar(120) DEFAULT NULL,
  `nombre_equipo` varchar(120) DEFAULT NULL,
  `marca` varchar(120) DEFAULT NULL,
  `modelo` varchar(120) DEFAULT NULL,
  `serie` varchar(120) DEFAULT NULL,
  `procesador` varchar(160) DEFAULT NULL,
  `disco_gb` varchar(60) DEFAULT NULL,
  `ram_gb` varchar(60) DEFAULT NULL,
  `sistema_operativo` varchar(160) DEFAULT NULL,
  `mac` varchar(60) DEFAULT NULL,
  `ip` varchar(60) DEFAULT NULL,
  `notas` varchar(255) DEFAULT NULL,
  `activo` tinyint(1) NOT NULL DEFAULT 1,
  `creado` datetime NOT NULL DEFAULT current_timestamp(),
  `actualizado` datetime NOT NULL DEFAULT current_timestamp() ON UPDATE current_timestamp()
) ENGINE=InnoDB DEFAULT CHARSET=utf8mb4 COLLATE=utf8mb4_spanish_ci;

--
-- Volcado de datos para la tabla `iv_computadoras`
--

INSERT INTO `iv_computadoras` (`id`, `id_empresa`, `ambiente`, `nombre_equipo`, `marca`, `modelo`, `serie`, `procesador`, `disco_gb`, `ram_gb`, `sistema_operativo`, `mac`, `ip`, `notas`, `activo`, `creado`, `actualizado`) VALUES
(1, 1, 'Recepción', 'PC-RECEP-01', 'Dell', 'OptiPlex 7090', 'DL7090-PE-00121', 'i5-11500', '512', '16', 'Windows 10 Pro', 'A4:BB:6D:10:22:33', '192.168.10.21', 'Equipo atención público.', 1, '2026-02-03 11:28:02', '2026-02-03 11:28:02'),
(2, 1, 'Administración', 'PC-ADM-01', 'HP', 'ProDesk 400 G6', 'HP400-PE-00077', 'i7-10700', '1024', '32', 'Windows 11 Pro', '10:7B:44:AA:BB:CC', '192.168.10.31', 'Caja fuerte digital instalada.', 1, '2026-02-03 11:29:04', '2026-02-03 11:29:04'),
(3, 1, 'Sala CCTV', 'PC-CCTV-01', 'Lenovo', 'ThinkCentre M70s', 'LN70S-PE-00012', 'i5-10400', '256', '8', 'Windows 10 Pro', '58:11:22:33:44:55', '192.168.10.41', 'Solo monitoreo.', 1, '2026-02-03 11:29:51', '2026-02-03 11:29:51'),
(4, 8, 'RECEPCION', 'RECEP', 'ENSAMBLADA', 'ENSAMBLADA', 'ENSAMBLADA', '12th Gen Intel(R) Core(TM) i5-12400', '466 GB', '8 GB', 'Windows 11 Pro', '9C-6B-00-69-08-9A', '192.168.143.100', '', 1, '2026-02-03 16:31:15', '2026-02-03 17:49:55'),
(5, 8, 'AULA', 'AULA', 'HP', '240 G7', 'SCG0302NT1', 'Intel(R) Core(TM) i3-1005G1', '224 GB', '4 GB', 'Windows 10 Pro', 'D3-6B-22-7A-08-B6', '192.168.143.130', '', 1, '2026-02-03 17:44:58', '2026-02-03 17:49:46'),
(6, 7, 'AULA 2', 'AULA02', 'Hewlett-Packard', 'HP ProDesk 600 G1 SFF', 'MXL4221T0J', 'INTEL CORE I3-4130', '240GB', '4GB', 'Windows 10 Pro', 'A0-D3-C1-1A-1D-43', '190.117.1.176', '', 1, '2026-02-05 18:51:20', '2026-02-06 11:16:36'),
(7, 7, 'AULA 1', 'AULA01', 'EMSAMBLADO', 'EMSAMBLADO', 'EMSAMBLADO', 'INTEL CORE I3-10100F', '932GB', '8GB', 'Windows 10 Pro', '18-C0-4D-E8-6B-22', '192.168.1.104', '', 1, '2026-02-05 18:58:41', '2026-02-06 11:07:10'),
(8, 7, 'RECEPCION', 'RECEPCION', 'ENSAMBLADO', 'ENSAMBLADO', 'ENSAMBLADO', 'INTEL CORE I3-3220', '224GB', '8GB', 'Windows 10 Home', 'EC-A8-6B-72-AD-F6', '192.168.1.190', '', 1, '2026-02-05 19:04:00', '2026-02-06 10:58:42');

-- --------------------------------------------------------

--
-- Estructura de tabla para la tabla `iv_dvrs`
--

CREATE TABLE `iv_dvrs` (
  `id` int(10) UNSIGNED NOT NULL,
  `id_empresa` int(10) UNSIGNED NOT NULL,
  `marca` varchar(120) DEFAULT NULL,
  `modelo` varchar(120) DEFAULT NULL,
  `serie` varchar(120) DEFAULT NULL,
  `notas` varchar(255) DEFAULT NULL,
  `activo` tinyint(1) NOT NULL DEFAULT 1,
  `creado` datetime NOT NULL DEFAULT current_timestamp(),
  `actualizado` datetime NOT NULL DEFAULT current_timestamp() ON UPDATE current_timestamp()
) ENGINE=InnoDB DEFAULT CHARSET=utf8mb4 COLLATE=utf8mb4_spanish_ci;

--
-- Volcado de datos para la tabla `iv_dvrs`
--

INSERT INTO `iv_dvrs` (`id`, `id_empresa`, `marca`, `modelo`, `serie`, `notas`, `activo`, `creado`, `actualizado`) VALUES
(1, 1, 'Hikvision', 'DS-7608NI-K2', 'HVK2-8CH-PE-000341', 'Rack principal, 8 canales.', 1, '2026-02-03 11:26:51', '2026-02-03 11:26:51'),
(2, 7, 'HIKVISION', 'iDS-7204HQHI-M1 / S', 'L07051972', '', 1, '2026-02-03 17:25:40', '2026-02-05 18:41:17'),
(3, 8, 'HIKVISION', 'DS-7204HGHI-K1', 'K13896640', '', 1, '2026-02-03 17:32:36', '2026-02-03 17:48:39');

-- --------------------------------------------------------

--
-- Estructura de tabla para la tabla `iv_huelleros`
--

CREATE TABLE `iv_huelleros` (
  `id` int(10) UNSIGNED NOT NULL,
  `id_empresa` int(10) UNSIGNED NOT NULL,
  `etiqueta` varchar(100) DEFAULT NULL,
  `marca` varchar(120) DEFAULT NULL,
  `modelo` varchar(120) DEFAULT NULL,
  `serie` varchar(120) DEFAULT NULL,
  `notas` varchar(255) DEFAULT NULL,
  `activo` tinyint(1) NOT NULL DEFAULT 1,
  `creado` datetime NOT NULL DEFAULT current_timestamp(),
  `actualizado` datetime NOT NULL DEFAULT current_timestamp() ON UPDATE current_timestamp()
) ENGINE=InnoDB DEFAULT CHARSET=utf8mb4 COLLATE=utf8mb4_spanish_ci;

--
-- Volcado de datos para la tabla `iv_huelleros`
--

INSERT INTO `iv_huelleros` (`id`, `id_empresa`, `etiqueta`, `marca`, `modelo`, `serie`, `notas`, `activo`, `creado`, `actualizado`) VALUES
(1, 1, 'BIO-01', 'ZKTeco', 'K40', 'ZK-K40-PE-00009', 'Ingreso personal.', 1, '2026-02-03 11:31:11', '2026-02-03 11:31:11'),
(2, 1, 'BIO-02', 'ZKTeco', 'iFace 402', 'ZK-IF402-PE-00003', 'Ingreso supervisores.', 1, '2026-02-03 11:31:28', '2026-02-03 11:31:28'),
(3, 8, 'RECEPCIÓN', 'INTEGRATED BIOMETRICS', 'COLUMBO', '34400126-000C', '', 1, '2026-02-03 16:32:56', '2026-02-03 16:32:56'),
(4, 7, 'RECEPCION', 'Integrated Biometrics', 'Columbo', '22302269-000c', '', 1, '2026-02-05 19:08:15', '2026-02-06 11:00:18');

-- --------------------------------------------------------

--
-- Estructura de tabla para la tabla `iv_red`
--

CREATE TABLE `iv_red` (
  `id` int(10) UNSIGNED NOT NULL,
  `id_empresa` int(10) UNSIGNED NOT NULL,
  `ip_publica` varchar(120) DEFAULT NULL,
  `transmision_online` varchar(255) DEFAULT NULL,
  `bajada_txt` varchar(60) DEFAULT NULL,
  `subida_txt` varchar(60) DEFAULT NULL,
  `notas` varchar(255) DEFAULT NULL,
  `activo` tinyint(1) NOT NULL DEFAULT 1,
  `creado` datetime NOT NULL DEFAULT current_timestamp(),
  `actualizado` datetime NOT NULL DEFAULT current_timestamp() ON UPDATE current_timestamp()
) ENGINE=InnoDB DEFAULT CHARSET=utf8mb4 COLLATE=utf8mb4_spanish_ci;

--
-- Volcado de datos para la tabla `iv_red`
--

INSERT INTO `iv_red` (`id`, `id_empresa`, `ip_publica`, `transmision_online`, `bajada_txt`, `subida_txt`, `notas`, `activo`, `creado`, `actualizado`) VALUES
(1, 1, '190.12.34.56', 'https://stream.empresa-pe.com/live/admin', '200 Mbps', '50 Mbps', 'Internet fibra. Router principal en rack.', 1, '2026-02-03 11:25:48', '2026-02-03 11:25:48'),
(2, 7, '190.117.61.84', 'http://190.117.61.84:2004', '10 Mbps', '10 Mbps', '', 1, '2026-02-03 16:57:40', '2026-02-03 17:11:33'),
(3, 8, '187.102.210.150', 'http://187.102.210.150:2002', '10Mbps', '10Mbps', '', 1, '2026-02-03 17:31:17', '2026-02-03 17:31:17');

-- --------------------------------------------------------

--
-- Estructura de tabla para la tabla `iv_switches`
--

CREATE TABLE `iv_switches` (
  `id` int(10) UNSIGNED NOT NULL,
  `id_empresa` int(10) UNSIGNED NOT NULL,
  `marca` varchar(120) DEFAULT NULL,
  `modelo` varchar(120) DEFAULT NULL,
  `serie` varchar(120) DEFAULT NULL,
  `notas` varchar(255) DEFAULT NULL,
  `activo` tinyint(1) NOT NULL DEFAULT 1,
  `creado` datetime NOT NULL DEFAULT current_timestamp(),
  `actualizado` datetime NOT NULL DEFAULT current_timestamp() ON UPDATE current_timestamp()
) ENGINE=InnoDB DEFAULT CHARSET=utf8mb4 COLLATE=utf8mb4_spanish_ci;

--
-- Volcado de datos para la tabla `iv_switches`
--

INSERT INTO `iv_switches` (`id`, `id_empresa`, `marca`, `modelo`, `serie`, `notas`, `activo`, `creado`, `actualizado`) VALUES
(1, 1, 'TP-Link', 'TL-SG1024DE', 'TPL-24P-2026-00991', '24 puertos, VLAN para CCTV.', 1, '2026-02-03 11:27:07', '2026-02-03 11:27:07'),
(2, 8, 'TP-LINK', 'TL-SG1008D', '2178056008355', '', 1, '2026-02-03 17:50:29', '2026-02-03 17:50:29'),
(3, 7, 'TP-LINK', 'TL-WR850N', '2239664000627', '', 1, '2026-02-05 18:45:12', '2026-02-05 18:45:12');

-- --------------------------------------------------------

--
-- Estructura de tabla para la tabla `iv_transmision`
--

CREATE TABLE `iv_transmision` (
  `id` int(10) UNSIGNED NOT NULL,
  `id_empresa` int(10) UNSIGNED NOT NULL,
  `acceso_url` varchar(255) DEFAULT NULL,
  `usuario` varchar(120) DEFAULT NULL,
  `clave` varchar(160) DEFAULT NULL,
  `notas` varchar(255) DEFAULT NULL,
  `activo` tinyint(1) NOT NULL DEFAULT 1,
  `creado` datetime NOT NULL DEFAULT current_timestamp(),
  `actualizado` datetime NOT NULL DEFAULT current_timestamp() ON UPDATE current_timestamp()
) ENGINE=InnoDB DEFAULT CHARSET=utf8mb4 COLLATE=utf8mb4_spanish_ci;

--
-- Volcado de datos para la tabla `iv_transmision`
--

INSERT INTO `iv_transmision` (`id`, `id_empresa`, `acceso_url`, `usuario`, `clave`, `notas`, `activo`, `creado`, `actualizado`) VALUES
(1, 1, 'https://panel.streaming.com/login', 'admin_stream', 'Mtc#2026!', 'Cuenta principal para emisión.', 1, '2026-02-03 11:26:22', '2026-02-03 11:26:22'),
(2, 7, 'http://scpucallpa.dvrdns.org:2004', 'sutran', 'sutr@n@LC2023', 'Clave aun no configurada', 1, '2026-02-03 16:55:34', '2026-02-06 10:26:33'),
(3, 8, 'http://scaguaytia.dvrdns.org:2002', 'sutran', 'sutr@n@LC2024', '', 1, '2026-02-03 17:30:11', '2026-02-03 17:51:51');

-- --------------------------------------------------------

--
-- Estructura de tabla para la tabla `mod_caja_auditoria`
--

CREATE TABLE `mod_caja_auditoria` (
  `id` bigint(20) UNSIGNED NOT NULL,
  `id_empresa` int(10) UNSIGNED NOT NULL,
  `id_caja_mensual` int(10) UNSIGNED DEFAULT NULL,
  `id_caja_diaria` int(10) UNSIGNED DEFAULT NULL,
  `evento` enum('abrir_mensual','cerrar_mensual','abrir_diaria','cerrar_diaria','eliminar_mensual','eliminar_diaria') NOT NULL,
  `detalle` varchar(255) DEFAULT NULL,
  `actor_id` int(10) UNSIGNED NOT NULL,
  `actor_usuario` varchar(64) NOT NULL,
  `actor_nombre` varchar(150) NOT NULL,
  `ip` varchar(45) DEFAULT NULL,
  `creado_en` datetime NOT NULL DEFAULT current_timestamp()
) ENGINE=InnoDB DEFAULT CHARSET=utf8mb4 COLLATE=utf8mb4_spanish_ci;

-- --------------------------------------------------------

--
-- Estructura de tabla para la tabla `mod_caja_diaria`
--

CREATE TABLE `mod_caja_diaria` (
  `id` int(10) UNSIGNED NOT NULL,
  `id_empresa` int(10) UNSIGNED NOT NULL,
  `id_caja_mensual` int(10) UNSIGNED NOT NULL,
  `fecha` date NOT NULL,
  `codigo` varchar(32) NOT NULL,
  `estado` enum('abierta','cerrada') NOT NULL DEFAULT 'abierta',
  `abierto_por` int(10) UNSIGNED NOT NULL,
  `abierto_en` datetime NOT NULL DEFAULT current_timestamp(),
  `cerrado_por` int(10) UNSIGNED DEFAULT NULL,
  `cerrado_en` datetime DEFAULT NULL,
  `abierta_key` tinyint(4) GENERATED ALWAYS AS (case when `estado` = 'abierta' then 1 else NULL end) STORED
) ENGINE=InnoDB DEFAULT CHARSET=utf8mb4 COLLATE=utf8mb4_spanish_ci;

-- --------------------------------------------------------

--
-- Estructura de tabla para la tabla `mod_caja_mensual`
--

CREATE TABLE `mod_caja_mensual` (
  `id` int(10) UNSIGNED NOT NULL,
  `id_empresa` int(10) UNSIGNED NOT NULL,
  `anio` smallint(5) UNSIGNED NOT NULL,
  `mes` tinyint(3) UNSIGNED NOT NULL,
  `codigo` varchar(32) NOT NULL,
  `estado` enum('abierta','cerrada') NOT NULL DEFAULT 'abierta',
  `abierto_por` int(10) UNSIGNED NOT NULL,
  `abierto_en` datetime NOT NULL DEFAULT current_timestamp(),
  `cerrado_por` int(10) UNSIGNED DEFAULT NULL,
  `cerrado_en` datetime DEFAULT NULL,
  `abierta_key` tinyint(4) GENERATED ALWAYS AS (case when `estado` = 'abierta' then 1 else NULL end) STORED,
  `periodo` int(11) GENERATED ALWAYS AS (`anio` * 100 + `mes`) STORED
) ENGINE=InnoDB DEFAULT CHARSET=utf8mb4 COLLATE=utf8mb4_spanish_ci;

-- --------------------------------------------------------

--
-- Estructura de tabla para la tabla `mod_empresa_servicio`
--

CREATE TABLE `mod_empresa_servicio` (
  `id` int(10) UNSIGNED NOT NULL,
  `empresa_id` int(10) UNSIGNED NOT NULL,
  `servicio_id` int(10) UNSIGNED NOT NULL,
  `creado` datetime NOT NULL DEFAULT current_timestamp(),
  `actualizado` datetime NOT NULL DEFAULT current_timestamp() ON UPDATE current_timestamp()
) ENGINE=InnoDB DEFAULT CHARSET=utf8mb4 COLLATE=utf8mb4_spanish_ci;

-- --------------------------------------------------------

--
-- Estructura de tabla para la tabla `mod_etiquetas`
--

CREATE TABLE `mod_etiquetas` (
  `id` int(10) UNSIGNED NOT NULL,
  `nombre` varchar(50) NOT NULL,
  `creado` datetime NOT NULL DEFAULT current_timestamp(),
  `actualizado` datetime NOT NULL DEFAULT current_timestamp() ON UPDATE current_timestamp()
) ENGINE=InnoDB DEFAULT CHARSET=utf8mb4 COLLATE=utf8mb4_spanish_ci;

-- --------------------------------------------------------

--
-- Estructura de tabla para la tabla `mod_precios`
--

CREATE TABLE `mod_precios` (
  `id` int(10) UNSIGNED NOT NULL,
  `empresa_id` int(10) UNSIGNED NOT NULL,
  `servicio_id` int(10) UNSIGNED NOT NULL,
  `rol` enum('A','B','C','D','E') NOT NULL,
  `precio` decimal(10,2) NOT NULL DEFAULT 0.00,
  `activo` tinyint(1) NOT NULL DEFAULT 0,
  `nota` varchar(200) DEFAULT NULL,
  `es_principal` tinyint(1) NOT NULL DEFAULT 0,
  `creado` datetime NOT NULL DEFAULT current_timestamp(),
  `actualizado` datetime NOT NULL DEFAULT current_timestamp() ON UPDATE current_timestamp()
) ENGINE=InnoDB DEFAULT CHARSET=utf8mb4 COLLATE=utf8mb4_spanish_ci;

-- --------------------------------------------------------

--
-- Estructura de tabla para la tabla `mod_servicios`
--

CREATE TABLE `mod_servicios` (
  `id` int(10) UNSIGNED NOT NULL,
  `nombre` varchar(150) NOT NULL,
  `descripcion` text DEFAULT NULL,
  `activo` tinyint(1) NOT NULL DEFAULT 1,
  `imagen_path` varchar(255) DEFAULT NULL,
  `creado` datetime NOT NULL DEFAULT current_timestamp(),
  `actualizado` datetime NOT NULL DEFAULT current_timestamp() ON UPDATE current_timestamp()
) ENGINE=InnoDB DEFAULT CHARSET=utf8mb4 COLLATE=utf8mb4_spanish_ci;

-- --------------------------------------------------------

--
-- Estructura de tabla para la tabla `mod_servicio_etiqueta`
--

CREATE TABLE `mod_servicio_etiqueta` (
  `servicio_id` int(10) UNSIGNED NOT NULL,
  `etiqueta_id` int(10) UNSIGNED NOT NULL,
  `creado` datetime NOT NULL DEFAULT current_timestamp(),
  `actualizado` datetime NOT NULL DEFAULT current_timestamp() ON UPDATE current_timestamp()
) ENGINE=InnoDB DEFAULT CHARSET=utf8mb4 COLLATE=utf8mb4_spanish_ci;

-- --------------------------------------------------------

--
-- Estructura de tabla para la tabla `mtp_alumnos`
--

CREATE TABLE `mtp_alumnos` (
  `id` int(10) UNSIGNED NOT NULL,
  `nombres` varchar(100) NOT NULL,
  `apellidos` varchar(100) NOT NULL,
  `documento` varchar(15) NOT NULL,
  `email` varchar(150) DEFAULT NULL,
  `telefono` varchar(30) DEFAULT NULL,
  `creado` datetime NOT NULL DEFAULT current_timestamp(),
  `actualizado` datetime NOT NULL DEFAULT current_timestamp() ON UPDATE current_timestamp()
) ENGINE=InnoDB DEFAULT CHARSET=utf8mb4 COLLATE=utf8mb4_spanish_ci;

-- --------------------------------------------------------

--
-- Estructura de tabla para la tabla `mtp_archivos`
--

CREATE TABLE `mtp_archivos` (
  `id` bigint(20) UNSIGNED NOT NULL,
  `triada` varchar(50) NOT NULL,
  `entidad` varchar(50) DEFAULT NULL,
  `entidad_id` bigint(20) UNSIGNED DEFAULT NULL,
  `categoria` varchar(50) NOT NULL,
  `nombre_original` varchar(255) NOT NULL,
  `nombre_final` varchar(255) NOT NULL,
  `ext` varchar(10) NOT NULL,
  `mime` varchar(100) DEFAULT NULL,
  `tamano_bytes` bigint(20) UNSIGNED NOT NULL,
  `ruta_relativa` varchar(300) NOT NULL,
  `checksum_sha256` char(64) DEFAULT NULL,
  `estado` enum('local','exportado','borrado','reemplazado') NOT NULL DEFAULT 'local',
  `creado` datetime NOT NULL DEFAULT current_timestamp(),
  `actualizado` datetime NOT NULL DEFAULT current_timestamp() ON UPDATE current_timestamp()
) ENGINE=InnoDB DEFAULT CHARSET=utf8mb4 COLLATE=utf8mb4_spanish_ci;

--
-- Volcado de datos para la tabla `mtp_archivos`
--

INSERT INTO `mtp_archivos` (`id`, `triada`, `entidad`, `entidad_id`, `categoria`, `nombre_original`, `nombre_final`, `ext`, `mime`, `tamano_bytes`, `ruta_relativa`, `checksum_sha256`, `estado`, `creado`, `actualizado`) VALUES
(1, 'empresas', 'empresa', 1, 'img_logos_empresas', 'logo_leoncorp_transparente_circular_notxt.png', 'logo-empresa-empresa-1-20260121T235150-57a9fe.png', 'png', 'image/png', 26403, 'almacen/2026/01/21/img_logos_empresas/logo-empresa-empresa-1-20260121T235150-57a9fe.png', 'c03ec86a84825f11f34f13d4b4168ad7f27b569006c3255ddb287124ac0b2fb1', 'local', '2026-01-21 23:51:50', '2026-01-21 23:51:50'),
(2, 'usuarios', 'usuario', 1, 'img_perfil', '1-5183d21a8552.jpg', 'perfil-usuario-usuario-1-20260121T235351-0a0502.jpg', 'jpg', 'image/jpeg', 137105, 'almacen/2026/01/21/img_perfil/perfil-usuario-usuario-1-20260121T235351-0a0502.jpg', '2f86463a29d680885b31ef2b61c452709cf357c3f2fa1780e34478cdf1a4400a', 'reemplazado', '2026-01-21 23:53:51', '2026-01-21 23:54:54'),
(3, 'usuarios', 'usuario', 1, 'img_perfil', '1-5183d21a8552 (1).jpg', 'perfil-usuario-usuario-1-20260121T235454-c7e25f.jpg', 'jpg', 'image/jpeg', 37532, 'almacen/2026/01/21/img_perfil/perfil-usuario-usuario-1-20260121T235454-c7e25f.jpg', 'd514d5bcac3e9de4a166e215308ff1ecd40f5120ec9f42ffe50bf78b3a144725', 'reemplazado', '2026-01-21 23:54:54', '2026-01-21 23:56:08'),
(4, 'usuarios', 'usuario', 1, 'img_perfil', 'Captura de pantalla 2026-01-21 235540.png', 'perfil-usuario-usuario-1-20260121T235608-b9f756.png', 'png', 'image/png', 358452, 'almacen/2026/01/21/img_perfil/perfil-usuario-usuario-1-20260121T235608-b9f756.png', '50b8fda757c58330731731b705e298c6a3cc4eb1588e3bf4fed99eb21b282b96', 'local', '2026-01-21 23:56:08', '2026-01-21 23:56:08'),
(5, 'empresas', 'empresa', 2, 'img_logos_empresas', 'LOGO GLOBAL CAR.png', 'logo-empresa-empresa-2-20260122T010707-d5d470.png', 'png', 'image/png', 43100, 'almacen/2026/01/22/img_logos_empresas/logo-empresa-empresa-2-20260122T010707-d5d470.png', '0b5ede69dbfc6d96a13174e6f526fe87f2cd72a57762e58ce92e4f5c6cac7dec', 'local', '2026-01-22 01:07:07', '2026-01-22 01:07:07'),
(6, 'empresas', 'empresa', 3, 'img_logos_empresas', 'LOGO GLOBAL CAR.png', 'logo-empresa-empresa-3-20260122T010805-81a59c.png', 'png', 'image/png', 43100, 'almacen/2026/01/22/img_logos_empresas/logo-empresa-empresa-3-20260122T010805-81a59c.png', '0b5ede69dbfc6d96a13174e6f526fe87f2cd72a57762e58ce92e4f5c6cac7dec', 'local', '2026-01-22 01:08:05', '2026-01-22 01:08:05'),
(7, 'usuarios', 'usuario', 2, 'img_perfil', 'alma foto chiclayo.png', 'perfil-usuario-usuario-2-20260122T011610-1fbc5d.png', 'png', 'image/png', 24265, 'almacen/2026/01/22/img_perfil/perfil-usuario-usuario-2-20260122T011610-1fbc5d.png', '61ee1b859ef70378e4ae6e862c7845c6a5ace507700a052e2f2de25844f37aba', 'reemplazado', '2026-01-22 01:16:10', '2026-01-22 01:22:46'),
(8, 'usuarios', 'usuario', 3, 'img_perfil', 'milca foto piura.png', 'perfil-usuario-usuario-3-20260122T011656-941c57.png', 'png', 'image/png', 28644, 'almacen/2026/01/22/img_perfil/perfil-usuario-usuario-3-20260122T011656-941c57.png', '5ad94a87e1a9e88f833ce1299f830a3108774c8177ed7ee82fddd98dafa73bcb', 'reemplazado', '2026-01-22 01:16:56', '2026-01-22 01:19:04'),
(9, 'usuarios', 'usuario', 3, 'img_perfil', 'Captura de pantalla 2026-01-22 011842.png', 'perfil-usuario-usuario-3-20260122T011904-364f10.png', 'png', 'image/png', 64565, 'almacen/2026/01/22/img_perfil/perfil-usuario-usuario-3-20260122T011904-364f10.png', '208082ff302f69fc9d3c7c8eb028fdc837ab77bb5c6ca9bb7fcc23f2b7bfe054', 'reemplazado', '2026-01-22 01:19:04', '2026-01-22 01:19:54'),
(10, 'usuarios', 'usuario', 3, 'img_perfil', 'Captura de pantalla 2026-01-22 011929.png', 'perfil-usuario-usuario-3-20260122T011954-6d77bb.png', 'png', 'image/png', 72559, 'almacen/2026/01/22/img_perfil/perfil-usuario-usuario-3-20260122T011954-6d77bb.png', '4ddeddda16b466fce30d37e292dfbba9ab28482051eb0a201bc6db04dc4a4c72', 'reemplazado', '2026-01-22 01:19:54', '2026-01-22 01:21:03'),
(11, 'usuarios', 'usuario', 3, 'img_perfil', 'Captura de pantalla 2026-01-22 012042.png', 'perfil-usuario-usuario-3-20260122T012103-5e08ef.png', 'png', 'image/png', 121855, 'almacen/2026/01/22/img_perfil/perfil-usuario-usuario-3-20260122T012103-5e08ef.png', 'c18e2ba5f9c8e0125467611b26fff0c104573dbc64f9e35c859c9ae22ba4a6c5', 'reemplazado', '2026-01-22 01:21:03', '2026-01-22 01:26:53'),
(12, 'usuarios', 'usuario', 2, 'img_perfil', 'Captura de pantalla 2026-01-22 012210.png', 'perfil-usuario-usuario-2-20260122T012245-e04dfe.png', 'png', 'image/png', 186254, 'almacen/2026/01/22/img_perfil/perfil-usuario-usuario-2-20260122T012245-e04dfe.png', '7f6e53da32bdf14444fadad94a4eb5faa2414843638b92c25feebb933c8283f5', 'local', '2026-01-22 01:22:45', '2026-01-22 01:22:45'),
(13, 'usuarios', 'usuario', 3, 'img_perfil', 'Captura de pantalla 2026-01-22 012631.png', 'perfil-usuario-usuario-3-20260122T012653-9570f7.png', 'png', 'image/png', 266516, 'almacen/2026/01/22/img_perfil/perfil-usuario-usuario-3-20260122T012653-9570f7.png', 'e30ecf8a72fdf8e3e34ddf64767804e744648f75f37f67e278f9a9e6f18b8e91', 'reemplazado', '2026-01-22 01:26:53', '2026-01-22 01:27:55'),
(14, 'usuarios', 'usuario', 3, 'img_perfil', 'Captura de pantalla 2026-01-22 012739.png', 'perfil-usuario-usuario-3-20260122T012755-2b0900.png', 'png', 'image/png', 203253, 'almacen/2026/01/22/img_perfil/perfil-usuario-usuario-3-20260122T012755-2b0900.png', 'f43b7133804d94d2b837a306fd41bab83b8bf72343d406d5110b5766a7617a99', 'local', '2026-01-22 01:27:55', '2026-01-22 01:27:55'),
(15, 'certificados', 'plantilla', NULL, 'fondo_certificado', 'fondo-certificado-20251110T194228-68cdb0_mejorado2.png', 'fondo-certificado-20260122T102108-a09471.png', 'png', 'image/png', 123833, 'almacen/2026/01/22/fondo_certificado/fondo-certificado-20260122T102108-a09471.png', 'd57c6a09ddad83ded6b92b90d5fa28229a2c36baefd69f3e08a45178fed8f5f5', 'local', '2026-01-22 10:21:08', '2026-01-22 10:21:08'),
(16, 'certificados', 'plantilla', NULL, 'logo_certificado', 'LOGO GLOBAL CAR.png', 'logo-certificado-20260122T102108-682170.png', 'png', 'image/png', 43100, 'almacen/2026/01/22/logo_certificado/logo-certificado-20260122T102108-682170.png', '0b5ede69dbfc6d96a13174e6f526fe87f2cd72a57762e58ce92e4f5c6cac7dec', 'local', '2026-01-22 10:21:08', '2026-01-22 10:21:08'),
(17, 'certificados', 'plantilla', NULL, 'firma_representante', 'firma y sello alma chiclayo.png', 'firma-representante-20260122T102108-424e54.png', 'png', 'image/png', 107325, 'almacen/2026/01/22/firma_representante/firma-representante-20260122T102108-424e54.png', 'f54b3cce722993f71a402cd86a05a819767d87794eedc4861539a3dbd800ae19', 'reemplazado', '2026-01-22 10:21:08', '2026-01-27 09:48:29'),
(18, 'certificados', 'plantilla', 2, 'fondo_certificado', 'plantilla para certificados piura.png', 'fondo-certificado-plantilla-2-20260122T180627-e787b4.png', 'png', 'image/png', 115765, 'almacen/2026/01/22/fondo_certificado/fondo-certificado-plantilla-2-20260122T180627-e787b4.png', '853abd800f8ecf653fa524115468b79b416dc54fa1927be0783ef7a651b314a7', 'reemplazado', '2026-01-22 18:06:27', '2026-01-22 18:14:06'),
(19, 'certificados', 'plantilla', 2, 'firma_representante', 'fima y sello milca.png', 'firma-representante-plantilla-2-20260122T180627-584393.png', 'png', 'image/png', 258450, 'almacen/2026/01/22/firma_representante/firma-representante-plantilla-2-20260122T180627-584393.png', '7e7839cd8c9a2f560168ce36b0f99a3ace92e69ada39eac5566838b16dcb3475', 'local', '2026-01-22 18:06:27', '2026-01-22 18:06:27'),
(20, 'certificados', 'plantilla', 2, 'fondo_certificado', 'plantilla para certificados piura.png', 'fondo-certificado-plantilla-2-20260122T181406-933397.png', 'png', 'image/png', 115765, 'almacen/2026/01/22/fondo_certificado/fondo-certificado-plantilla-2-20260122T181406-933397.png', '853abd800f8ecf653fa524115468b79b416dc54fa1927be0783ef7a651b314a7', 'local', '2026-01-22 18:14:06', '2026-01-22 18:14:06'),
(21, 'certificados', 'plantilla', 3, 'fondo_certificado', 'plantilla para certificados.png', 'fondo-certificado-plantilla-3-20260122T182148-aec145.png', 'png', 'image/png', 117314, 'almacen/2026/01/22/fondo_certificado/fondo-certificado-plantilla-3-20260122T182148-aec145.png', 'b0c5578e3eebd3e45d4413c79a7c6355735534b238b5f9b61b7bb5fd36deb34c', 'local', '2026-01-22 18:21:48', '2026-01-22 18:21:48'),
(22, 'certificados', 'plantilla', 3, 'firma_representante', 'fima y sello milca.png', 'firma-representante-plantilla-3-20260122T182148-e77cf5.png', 'png', 'image/png', 258450, 'almacen/2026/01/22/firma_representante/firma-representante-plantilla-3-20260122T182148-e77cf5.png', '7e7839cd8c9a2f560168ce36b0f99a3ace92e69ada39eac5566838b16dcb3475', 'local', '2026-01-22 18:21:48', '2026-01-22 18:21:48'),
(23, 'empresas', 'empresa', 4, 'img_logos_empresas', 'LOGO GLOBAL CAR.png', 'logo-empresa-empresa-4-20260122T184028-e1afb6.png', 'png', 'image/png', 43100, 'almacen/2026/01/22/img_logos_empresas/logo-empresa-empresa-4-20260122T184028-e1afb6.png', '0b5ede69dbfc6d96a13174e6f526fe87f2cd72a57762e58ce92e4f5c6cac7dec', 'local', '2026-01-22 18:40:28', '2026-01-22 18:40:28'),
(24, 'empresas', 'empresa', 5, 'img_logos_empresas', 'LOGO GLOBAL CAR.png', 'logo-empresa-empresa-5-20260122T184202-3d82ff.png', 'png', 'image/png', 43100, 'almacen/2026/01/22/img_logos_empresas/logo-empresa-empresa-5-20260122T184202-3d82ff.png', '0b5ede69dbfc6d96a13174e6f526fe87f2cd72a57762e58ce92e4f5c6cac7dec', 'local', '2026-01-22 18:42:02', '2026-01-22 18:42:02'),
(25, 'empresas', 'empresa', 6, 'img_logos_empresas', 'LOGO GLOBAL CAR.png', 'logo-empresa-empresa-6-20260122T184329-0c3903.png', 'png', 'image/png', 43100, 'almacen/2026/01/22/img_logos_empresas/logo-empresa-empresa-6-20260122T184329-0c3903.png', '0b5ede69dbfc6d96a13174e6f526fe87f2cd72a57762e58ce92e4f5c6cac7dec', 'local', '2026-01-22 18:43:29', '2026-01-22 18:43:29'),
(26, 'empresas', 'empresa', 7, 'img_logos_empresas', 'LOGO SELVA CAR.png', 'logo-empresa-empresa-7-20260122T184509-53ee42.png', 'png', 'image/png', 42616, 'almacen/2026/01/22/img_logos_empresas/logo-empresa-empresa-7-20260122T184509-53ee42.png', 'bb73826616eaafdbb40594cd4639c0a28736c0606e9121981b99001794bb17f5', 'local', '2026-01-22 18:45:10', '2026-01-22 18:45:10'),
(27, 'empresas', 'empresa', 8, 'img_logos_empresas', 'LOGO SELVA CAR.png', 'logo-empresa-empresa-8-20260122T184610-e75c5e.png', 'png', 'image/png', 42616, 'almacen/2026/01/22/img_logos_empresas/logo-empresa-empresa-8-20260122T184610-e75c5e.png', 'bb73826616eaafdbb40594cd4639c0a28736c0606e9121981b99001794bb17f5', 'local', '2026-01-22 18:46:10', '2026-01-22 18:46:10'),
(28, 'empresas', 'empresa', 9, 'img_logos_empresas', 'LOGO SELVA CAR.png', 'logo-empresa-empresa-9-20260122T184737-97c298.png', 'png', 'image/png', 42616, 'almacen/2026/01/22/img_logos_empresas/logo-empresa-empresa-9-20260122T184737-97c298.png', 'bb73826616eaafdbb40594cd4639c0a28736c0606e9121981b99001794bb17f5', 'local', '2026-01-22 18:47:37', '2026-01-22 18:47:37'),
(29, 'empresas', 'empresa', 11, 'img_logos_empresas', 'LOGO SELVA CAR.png', 'logo-empresa-empresa-11-20260122T185055-8e0e8f.png', 'png', 'image/png', 42616, 'almacen/2026/01/22/img_logos_empresas/logo-empresa-empresa-11-20260122T185055-8e0e8f.png', 'bb73826616eaafdbb40594cd4639c0a28736c0606e9121981b99001794bb17f5', 'local', '2026-01-22 18:50:55', '2026-01-22 18:50:55'),
(30, 'empresas', 'empresa', 12, 'img_logos_empresas', 'LOGO GLOBAL CAR.png', 'logo-empresa-empresa-12-20260122T185333-132e60.png', 'png', 'image/png', 43100, 'almacen/2026/01/22/img_logos_empresas/logo-empresa-empresa-12-20260122T185333-132e60.png', '0b5ede69dbfc6d96a13174e6f526fe87f2cd72a57762e58ce92e4f5c6cac7dec', 'local', '2026-01-22 18:53:33', '2026-01-22 18:53:33'),
(31, 'empresas', 'empresa', 13, 'img_logos_empresas', 'logo open medic_Mesa de trabajo 1.png', 'logo-empresa-empresa-13-20260122T185748-9bde0a.png', 'png', 'image/png', 34748, 'almacen/2026/01/22/img_logos_empresas/logo-empresa-empresa-13-20260122T185748-9bde0a.png', '674a9e9a2de3b2be270157381b94792d762245cc68bac14cdd06d5c7628e1eff', 'local', '2026-01-22 18:57:48', '2026-01-22 18:57:48'),
(32, 'empresas', 'empresa', 14, 'img_logos_empresas', 'logo open medic_Mesa de trabajo 1.png', 'logo-empresa-empresa-14-20260122T185917-5cf6b1.png', 'png', 'image/png', 34748, 'almacen/2026/01/22/img_logos_empresas/logo-empresa-empresa-14-20260122T185917-5cf6b1.png', '674a9e9a2de3b2be270157381b94792d762245cc68bac14cdd06d5c7628e1eff', 'local', '2026-01-22 18:59:17', '2026-01-22 18:59:17'),
(33, 'empresas', 'empresa', 15, 'img_logos_empresas', 'logo open medic_Mesa de trabajo 1.png', 'logo-empresa-empresa-15-20260122T190956-3a462f.png', 'png', 'image/png', 34748, 'almacen/2026/01/22/img_logos_empresas/logo-empresa-empresa-15-20260122T190956-3a462f.png', '674a9e9a2de3b2be270157381b94792d762245cc68bac14cdd06d5c7628e1eff', 'local', '2026-01-22 19:09:56', '2026-01-22 19:09:56'),
(34, 'empresas', 'empresa', 16, 'img_logos_empresas', 'LOGO GLOBAL MEDIC.png', 'logo-empresa-empresa-16-20260122T191129-9cfda6.png', 'png', 'image/png', 22436, 'almacen/2026/01/22/img_logos_empresas/logo-empresa-empresa-16-20260122T191129-9cfda6.png', 'f41fc94b673e490c1570a7c9bc19444aa00d9f0da876bffc1aa148b6fdba1ca5', 'local', '2026-01-22 19:11:29', '2026-01-22 19:11:29'),
(35, 'empresas', 'empresa', 17, 'img_logos_empresas', 'circular guia mis rutas.png', 'logo-empresa-empresa-17-20260122T232400-e07c18.png', 'png', 'image/png', 245413, 'almacen/2026/01/22/img_logos_empresas/logo-empresa-empresa-17-20260122T232400-e07c18.png', 'd457fed1d4d12103e220bd56eb5b1e359936eb1b460e7ec56c026bd1a23dfa10', 'local', '2026-01-22 23:24:00', '2026-01-22 23:24:00'),
(36, 'usuarios', 'usuario', 4, 'img_perfil', '4139981.png', 'perfil-usuario-usuario-4-20260123T121428-1bb5e3.png', 'png', 'image/png', 33704, 'almacen/2026/01/23/img_perfil/perfil-usuario-usuario-4-20260123T121428-1bb5e3.png', '4ef7a12f9a482a466c1d461678a1eb1cc4c03181c32eb4817221bafd75403fd3', 'reemplazado', '2026-01-23 12:14:28', '2026-01-23 12:29:37'),
(37, 'usuarios', 'usuario', 4, 'img_perfil', 'FotoPerfil.jpg', 'perfil-usuario-usuario-4-20260123T122937-6a97e5.jpg', 'jpg', 'image/jpeg', 594872, 'almacen/2026/01/23/img_perfil/perfil-usuario-usuario-4-20260123T122937-6a97e5.jpg', '466a94bd3659698826024f4eb61ada9e573afb7c341b704fa98ff13e89a044e4', 'local', '2026-01-23 12:29:37', '2026-01-23 12:29:37'),
(38, 'certificados', 'plantilla', 1, 'firma_representante', 'firma alma final.png', 'firma-representante-plantilla-1-20260127T094829-f370a4.png', 'png', 'image/png', 214848, 'almacen/2026/01/27/firma_representante/firma-representante-plantilla-1-20260127T094829-f370a4.png', '1eab19462a4ee56b78bf3f055419c48c6954d894e7a96109c1030e5204b396b7', 'reemplazado', '2026-01-27 09:48:29', '2026-02-17 17:42:27'),
(39, 'usuarios', 'usuario', 5, 'img_perfil', 'LOGO LEONCORP.png', 'perfil-usuario-usuario-5-20260203T155038-6e4fec.png', 'png', 'image/png', 28969, 'almacen/2026/02/03/img_perfil/perfil-usuario-usuario-5-20260203T155038-6e4fec.png', 'a1c008404880632a53167329813f553563cea5681fbebf1e917b5d6355272d60', 'local', '2026-02-03 15:50:38', '2026-02-03 15:50:38'),
(40, 'usuarios', 'usuario', 6, 'img_perfil', 'milagros.png', 'perfil-usuario-usuario-6-20260203T161847-bf58b4.png', 'png', 'image/png', 229268, 'almacen/2026/02/03/img_perfil/perfil-usuario-usuario-6-20260203T161847-bf58b4.png', '13c6e7d990c8e75aabf3d5a16dd4bee63d779c5a86421b8b62a30ff763b0a800', 'local', '2026-02-03 16:18:47', '2026-02-03 16:18:47'),
(41, 'usuarios', 'usuario', 7, 'img_perfil', 'Captura de pantalla 2026-02-03 165031.png', 'perfil-usuario-usuario-7-20260203T165113-89e787.png', 'png', 'image/png', 225475, 'almacen/2026/02/03/img_perfil/perfil-usuario-usuario-7-20260203T165113-89e787.png', '6de4dcbdb9142264ac1c7ace3a9ac37e36758969ef738c7764ecb7ca196bf51c', 'local', '2026-02-03 16:51:13', '2026-02-03 16:51:13'),
(42, 'certificados', 'plantilla', 1, 'firma_representante', 'firma vicente transparente con sello.png', 'firma-representante-plantilla-1-20260217T174227-6e01ef.png', 'png', 'image/png', 137026, 'almacen/2026/02/17/firma_representante/firma-representante-plantilla-1-20260217T174227-6e01ef.png', '28aff196f50c235c2caafa57dcf98935ad6482b3b62fe1aa758adc7d2cd4e4f7', 'local', '2026-02-17 17:42:27', '2026-02-17 17:42:27'),
(43, 'certificados', 'plantilla', 4, 'firma_representante', 'FIRMA ALMA GC CHICLAYO TRANSPARENTE 2026.png', 'firma-representante-plantilla-4-20260217T175222-257068.png', 'png', 'image/png', 134507, 'almacen/2026/02/17/firma_representante/firma-representante-plantilla-4-20260217T175222-257068.png', '45317de49103c293aad7f08be01ef1cbfcc1cee6c4ae35c176d6bb8da4dcaa6e', 'local', '2026-02-17 17:52:22', '2026-02-17 17:52:22'),
(44, 'certificados', 'plantilla', 5, 'firma_representante', 'firma_transparente_manuel alvarez gerente.png', 'firma-representante-plantilla-5-20260227T103915-f355dc.png', 'png', 'image/png', 28219, 'almacen/2026/02/27/firma_representante/firma-representante-plantilla-5-20260227T103915-f355dc.png', '8f317ef39d86f0651be907ca873720430637e9fd7e97560fd0b2d9578646db81', 'local', '2026-02-27 10:39:15', '2026-02-27 10:39:15'),
(45, 'certificados', 'plantilla', 5, 'logo_certificado', 'LOGO GLOBAL CAR.png', 'logo-certificado-plantilla-5-20260227T104310-9ac317.png', 'png', 'image/png', 43100, 'almacen/2026/02/27/logo_certificado/logo-certificado-plantilla-5-20260227T104310-9ac317.png', '0b5ede69dbfc6d96a13174e6f526fe87f2cd72a57762e58ce92e4f5c6cac7dec', 'local', '2026-02-27 10:43:10', '2026-02-27 10:43:10');

-- --------------------------------------------------------

--
-- Estructura de tabla para la tabla `mtp_departamentos`
--

CREATE TABLE `mtp_departamentos` (
  `id` int(10) UNSIGNED NOT NULL,
  `nombre` varchar(50) NOT NULL
) ENGINE=InnoDB DEFAULT CHARSET=utf8mb4 COLLATE=utf8mb4_spanish_ci;

--
-- Volcado de datos para la tabla `mtp_departamentos`
--

INSERT INTO `mtp_departamentos` (`id`, `nombre`) VALUES
(6, 'Ancash'),
(5, 'Cajamarca'),
(4, 'La Libertad'),
(3, 'Lambayeque'),
(9, 'Loreto'),
(2, 'Piura'),
(8, 'San Martín'),
(1, 'Tumbes'),
(7, 'Ucayali');

-- --------------------------------------------------------

--
-- Estructura de tabla para la tabla `mtp_detalle_usuario`
--

CREATE TABLE `mtp_detalle_usuario` (
  `id_usuario` int(10) UNSIGNED NOT NULL,
  `ruta_foto` varchar(255) DEFAULT NULL,
  `actualizado` datetime NOT NULL DEFAULT current_timestamp() ON UPDATE current_timestamp()
) ENGINE=InnoDB DEFAULT CHARSET=utf8mb4 COLLATE=utf8mb4_spanish_ci;

--
-- Volcado de datos para la tabla `mtp_detalle_usuario`
--

INSERT INTO `mtp_detalle_usuario` (`id_usuario`, `ruta_foto`, `actualizado`) VALUES
(1, 'almacen/2026/01/21/img_perfil/perfil-usuario-usuario-1-20260121T235608-b9f756.png', '2026-01-21 23:56:08'),
(2, 'almacen/2026/01/22/img_perfil/perfil-usuario-usuario-2-20260122T012245-e04dfe.png', '2026-01-22 01:22:46'),
(3, 'almacen/2026/01/22/img_perfil/perfil-usuario-usuario-3-20260122T012755-2b0900.png', '2026-01-22 01:27:55'),
(4, 'almacen/2026/01/23/img_perfil/perfil-usuario-usuario-4-20260123T122937-6a97e5.jpg', '2026-01-23 12:29:37'),
(5, 'almacen/2026/02/03/img_perfil/perfil-usuario-usuario-5-20260203T155038-6e4fec.png', '2026-02-03 15:50:38'),
(6, 'almacen/2026/02/03/img_perfil/perfil-usuario-usuario-6-20260203T161847-bf58b4.png', '2026-02-03 16:18:47'),
(7, 'almacen/2026/02/03/img_perfil/perfil-usuario-usuario-7-20260203T165113-89e787.png', '2026-02-03 16:51:13');

-- --------------------------------------------------------

--
-- Estructura de tabla para la tabla `mtp_empresas`
--

CREATE TABLE `mtp_empresas` (
  `id` int(10) UNSIGNED NOT NULL,
  `nombre` varchar(150) NOT NULL,
  `razon_social` varchar(300) NOT NULL,
  `ruc` varchar(11) NOT NULL,
  `direccion` varchar(300) NOT NULL,
  `logo_path` varchar(255) DEFAULT NULL,
  `id_tipo` int(10) UNSIGNED NOT NULL,
  `id_depa` int(10) UNSIGNED NOT NULL,
  `id_repleg` int(10) UNSIGNED NOT NULL
) ENGINE=InnoDB DEFAULT CHARSET=utf8mb4 COLLATE=utf8mb4_spanish_ci;

--
-- Volcado de datos para la tabla `mtp_empresas`
--

INSERT INTO `mtp_empresas` (`id`, `nombre`, `razon_social`, `ruc`, `direccion`, `logo_path`, `id_tipo`, `id_depa`, `id_repleg`) VALUES
(1, 'LEONCORP', 'Corporación León & Asociados S.A.C.', '20608302531', 'Av. America Oeste 580', 'almacen/2026/01/21/img_logos_empresas/logo-empresa-empresa-1-20260121T235150-57a9fe.png', 6, 4, 1),
(2, 'GLOBAL CAR CHICLAYO', 'GLOBAL CAR PERU S.A.C.', '20539808487', 'Carr. Chiclayo - Pimentel Km. 2-3 Ov. El Trébol (Frente a la Zona Industrial)', 'almacen/2026/01/22/img_logos_empresas/logo-empresa-empresa-2-20260122T010707-d5d470.png', 1, 3, 10),
(3, 'GLOBAL CAR PIURA', 'GLOBAL CAR PERU S.A.C.', '20539808487', 'Calle Los Ceibos N°320 (A espaldas de la posta de Pachitea)', 'almacen/2026/01/22/img_logos_empresas/logo-empresa-empresa-3-20260122T010805-81a59c.png', 1, 2, 10),
(4, 'GLOBAL CAR TUMBES', 'GLOBAL CAR CORP S.A.C.', '20477599193', 'Calle Bolívar N° 878', 'almacen/2026/01/22/img_logos_empresas/logo-empresa-empresa-4-20260122T184028-e1afb6.png', 1, 1, 3),
(5, 'GLOBAL CAR CHIMBOTE', 'GLOBAL CAR CORP S.A.C.', '20477599193', 'URB. Bruces Mz A lt 46 - Nuevo Chimbote', 'almacen/2026/01/22/img_logos_empresas/logo-empresa-empresa-5-20260122T184202-3d82ff.png', 1, 6, 3),
(6, 'GLOBAL CAR CHOTA', 'GLOBAL CAR PERU S.A.C.', '20539808487', 'AV. FRAY JOSÉ ARANA N°881, CHOTA - CAJAMARCA', 'almacen/2026/01/22/img_logos_empresas/logo-empresa-empresa-6-20260122T184329-0c3903.png', 1, 5, 5),
(7, 'SELVA CAR PUCALLPA', 'SELVA CAR S.A.C.', '20477683909', 'Jr. Leoncio Prado 125 - Ref. Cuadra 4 de la Av. Centenario al lado de mayólicas SaniCenter a media cuadra del parque MARGARITA', 'almacen/2026/01/22/img_logos_empresas/logo-empresa-empresa-7-20260122T184509-53ee42.png', 1, 7, 6),
(8, 'SELVA CAR AGUAYTIA', 'SELVA CAR S.A.C.', '20477683909', 'FRENTE AL SEMAFORO DEL TERMINAL TERRESTRE - BARRIO UNIDO Calle 4. Mz.211 Lt.9', 'almacen/2026/01/22/img_logos_empresas/logo-empresa-empresa-8-20260122T184610-e75c5e.png', 1, 7, 6),
(9, 'SELVA CAR TARAPOTO', 'SELVA CAR SAN MARTIN S.A.C.', '20602005276', 'Jr. Jiménez Pimentel N°1325', 'almacen/2026/01/22/img_logos_empresas/logo-empresa-empresa-9-20260122T184737-97c298.png', 1, 8, 14),
(11, 'SELVA CAR IQUITOS', 'SELVA CAR LORETO S.A.C.SELVA CAR LORETO S.A.C.', '20609441993', 'Calle Ramon Castilla N° 325 PISO 2, Iquitos. Ref. frente a la plaza sargento Lores', 'almacen/2026/01/22/img_logos_empresas/logo-empresa-empresa-11-20260122T185055-8e0e8f.png', 1, 9, 10),
(12, 'GLOBAL CAR S.A.C', 'ESCUELA GLOBAL CAR S.A.C.', '20600213769', 'Jr. México N° 500 Urb. Torres Araujo (Frente a la Gerencia Regional de Transportes de La Libertad)', 'almacen/2026/01/22/img_logos_empresas/logo-empresa-empresa-12-20260122T185333-132e60.png', 1, 4, 10),
(13, 'OPEN MEDIC TUMBES', 'OPEN MEDIC OCUPACIONAL S.A.C', '20605503871', 'Av Tumbes 548 Tumbes', 'almacen/2026/01/22/img_logos_empresas/logo-empresa-empresa-13-20260122T185748-9bde0a.png', 2, 1, 4),
(14, 'OPEN MEDIC TRUJILLO', 'OPEN MEDIC TRUJILLO S.A.C.', '20607462471', 'Av. América Oeste N°580, Urb. Los Cedros (Ex Pablo Casals)', 'almacen/2026/01/22/img_logos_empresas/logo-empresa-empresa-14-20260122T185917-5cf6b1.png', 2, 4, 4),
(15, 'OPEN MEDIC TARAPOTO', 'OPEN MEDIC TARAPOTO S.A.C.', '20605934031', 'Av. Circunvalación N° 859 - Tarapoto Tarapoto, Peru', 'almacen/2026/01/22/img_logos_empresas/logo-empresa-empresa-15-20260122T190956-3a462f.png', 2, 8, 9),
(16, 'GLOBAL MEDIC PUCALLPA', 'GLOBAL MEDIC PUCALLPA S.A.C.', '20604277494', 'Jr. Leoncio Prado 125 - Ref. Cuadra 4 de la Av. Centenario al lado de mayólicas SaniCenter a media cuadra del parque MARGARITA', 'almacen/2026/01/22/img_logos_empresas/logo-empresa-empresa-16-20260122T191129-9cfda6.png', 2, 7, 6),
(17, 'GUÍA MIS RUTAS', 'ASOCIACION GUIA MIS RUTAS', '20477238336', 'Jr. Gabino Uribe S/N. Mz. 8 Lt. 13, Barrido Pedregal Medio', 'almacen/2026/01/22/img_logos_empresas/logo-empresa-empresa-17-20260122T232400-e07c18.png', 1, 6, 10);

-- --------------------------------------------------------

--
-- Estructura de tabla para la tabla `mtp_representante_legal`
--

CREATE TABLE `mtp_representante_legal` (
  `id` int(10) UNSIGNED NOT NULL,
  `nombres` varchar(100) NOT NULL,
  `apellidos` varchar(100) NOT NULL,
  `documento` varchar(8) NOT NULL,
  `clave_mana` varchar(255) NOT NULL
) ENGINE=InnoDB DEFAULT CHARSET=utf8mb4 COLLATE=utf8mb4_spanish_ci;

--
-- Volcado de datos para la tabla `mtp_representante_legal`
--

INSERT INTO `mtp_representante_legal` (`id`, `nombres`, `apellidos`, `documento`, `clave_mana`) VALUES
(1, 'AMINA CATALINA', 'LEON APONTE', '17867379', '17867379'),
(2, 'HORMECINDA ELISA', 'LEON APONTE', '17867380', '17867380'),
(3, 'CARLOS ANTONIO', 'OLIVERA ACOSTA', '19208698', '#Leon08Corp@77777'),
(4, 'MARTIN', 'NECIOSUP LEON', '71997424', 'LeonCorp777*'),
(5, 'MORTIMER ONECIMO', 'LEÓN APONTE', '17810377', 'LeonCorp@777766'),
(6, 'SEGUNDO GILBERTO', 'NEYRA ALVAREZ', '27151301', 'SelvaCar@77777'),
(7, 'NICOLAS RODOLFO', 'ACOSTA ARGUEDAS', '21409816', 'SC_shadai257777'),
(8, 'VICENTE', 'CARDENAS CARDENAS', '41410621', 'total@MEDIC009'),
(9, 'JORGE DAVID', 'JORGE DAVID', '74749290', 'omT@77766'),
(10, 'SEGUNDO MANUEL', 'ALVAREZ COSTA', '41498367', 'SCLoreto@77777'),
(11, 'VICTORIA ESTELITA', 'GARCIA YPARRAGUIRRE', '42539405', 'GCtum@777777777'),
(12, 'SEGUNDO FRANCISCO', 'PERALTA VASQUEZ', '27360051', '27360051@Gm776'),
(13, 'MAGLEM ALMA', 'CARRANZA RODRIGUEZ', '77083494', 'GCTsac@77777'),
(14, 'HENRRY', 'FERNANDEZ DOMINGUEZ', '41040656', 'Shad@i777777'),
(15, 'JUAN CARLOS', 'LOPEZ HERNANDEZ', '43258330', '43258330@Sa01');

-- --------------------------------------------------------

--
-- Estructura de tabla para la tabla `mtp_roles`
--

CREATE TABLE `mtp_roles` (
  `id` int(10) UNSIGNED NOT NULL,
  `nombre` varchar(50) NOT NULL
) ENGINE=InnoDB DEFAULT CHARSET=utf8mb4 COLLATE=utf8mb4_spanish_ci;

--
-- Volcado de datos para la tabla `mtp_roles`
--

INSERT INTO `mtp_roles` (`id`, `nombre`) VALUES
(4, 'Administración'),
(7, 'Cliente'),
(2, 'Control'),
(5, 'COTI'),
(1, 'Desarrollo'),
(6, 'Gerente'),
(3, 'Recepción');

-- --------------------------------------------------------

--
-- Estructura de tabla para la tabla `mtp_tipos_empresas`
--

CREATE TABLE `mtp_tipos_empresas` (
  `id` int(10) UNSIGNED NOT NULL,
  `nombre` varchar(30) NOT NULL
) ENGINE=InnoDB DEFAULT CHARSET=utf8mb4 COLLATE=utf8mb4_spanish_ci;

--
-- Volcado de datos para la tabla `mtp_tipos_empresas`
--

INSERT INTO `mtp_tipos_empresas` (`id`, `nombre`) VALUES
(6, 'Central'),
(2, 'ECSAL'),
(1, 'ESCON'),
(4, 'Escuela de Manejo'),
(3, 'MATPEL'),
(5, 'Proyecto');

-- --------------------------------------------------------

--
-- Estructura de tabla para la tabla `mtp_usuarios`
--

CREATE TABLE `mtp_usuarios` (
  `id` int(10) UNSIGNED NOT NULL,
  `usuario` varchar(11) NOT NULL,
  `clave` varchar(255) NOT NULL,
  `nombres` varchar(100) NOT NULL,
  `apellidos` varchar(100) NOT NULL,
  `id_empresa` int(10) UNSIGNED NOT NULL,
  `creacion` datetime NOT NULL DEFAULT current_timestamp(),
  `actualizacion` datetime NOT NULL DEFAULT current_timestamp() ON UPDATE current_timestamp()
) ENGINE=InnoDB DEFAULT CHARSET=utf8mb4 COLLATE=utf8mb4_spanish_ci;

--
-- Volcado de datos para la tabla `mtp_usuarios`
--

INSERT INTO `mtp_usuarios` (`id`, `usuario`, `clave`, `nombres`, `apellidos`, `id_empresa`, `creacion`, `actualizacion`) VALUES
(1, '70379752', '$2y$10$6/jVdqi8gqZrvXZZNdsN.ugPOJBpnvJju87aBDF3brlBbTPE3QcdO', 'LUIGI ISRAEL', 'VILLANUEVA PEREZ', 1, '2026-01-21 23:47:48', '2026-01-21 23:47:48'),
(2, '48067143', '$2y$10$FKv6kU3a9/22LQacbESwjO13BESb2lLPzskrANSv6jmDscfF9EbBe', 'ALMA DE JESUS', 'SANTOS ALVAREZ', 2, '2026-01-22 01:16:10', '2026-01-22 01:16:10'),
(3, '75133929', '$2y$10$NzXmSf/Iign5W5V5kvv8vuMy0QPir/kx4fBL6Z56T6sM7czLrcaeK', 'MILCA SARAI', 'CASTILLO SUXCE', 3, '2026-01-22 01:16:56', '2026-01-22 01:16:56'),
(4, '76007644', '$2y$10$sSbMyIOkV9nuA7Zun.bCIeDorHUrlPVTHrE9Sr5x3RsSFtm3OJLXu', 'MIGUEL BENJAMIN', 'GUTIERREZ GOMEZ', 1, '2026-01-23 10:23:11', '2026-01-23 10:23:11'),
(5, '77083494', '$2y$10$JAcC6cuZE6dlGTw4JuzTY.q/t4bkjZk7aBNkghpEA1LKxSBF1wxBa', 'MAGLEM ALMA', 'CARRANZA RODRIGUEZ', 1, '2026-02-03 15:50:38', '2026-02-03 15:50:38'),
(6, '63245466', '$2y$10$E/3Vd62rJgi/9.MeUtF9ye5xAZC8a8zR3xBzEy95/Q7/hpEBhuNCm', 'MILAGROS', 'SOLORZANO TARAZONA', 8, '2026-02-03 16:18:47', '2026-02-03 16:18:47'),
(7, '44036670', '$2y$10$8tXcXYI.Lvj1zW9XT5QA.Ov/gZ2wrvhbthAKsMu5QqUumkC/d6SS6', 'JUAN CARLOS', 'DEL CASTILLO PINON', 7, '2026-02-03 16:51:13', '2026-02-03 16:51:13'),
(8, '49494949', '$2y$10$YmvJ9B8U8TAU8fau8r9Wje97M5Fs6/trOEb2YnXqeRkIMtNPIWsvG', 'Francis', 'Paredes', 12, '2026-02-27 09:11:09', '2026-02-27 09:11:09');

-- --------------------------------------------------------

--
-- Estructura de tabla para la tabla `mtp_usuario_roles`
--

CREATE TABLE `mtp_usuario_roles` (
  `id` int(10) UNSIGNED NOT NULL,
  `id_usuario` int(10) UNSIGNED NOT NULL,
  `id_rol` int(10) UNSIGNED NOT NULL
) ENGINE=InnoDB DEFAULT CHARSET=utf8mb4 COLLATE=utf8mb4_spanish_ci;

--
-- Volcado de datos para la tabla `mtp_usuario_roles`
--

INSERT INTO `mtp_usuario_roles` (`id`, `id_usuario`, `id_rol`) VALUES
(4, 1, 1),
(10, 2, 4),
(12, 3, 4),
(15, 4, 1),
(20, 5, 2),
(17, 6, 4),
(19, 7, 4),
(21, 8, 4);

-- --------------------------------------------------------

--
-- Estructura de tabla para la tabla `pb_etiquetas`
--

CREATE TABLE `pb_etiquetas` (
  `id` int(10) UNSIGNED NOT NULL,
  `nombre` varchar(50) NOT NULL
) ENGINE=InnoDB DEFAULT CHARSET=utf8mb4 COLLATE=utf8mb4_spanish_ci;

-- --------------------------------------------------------

--
-- Estructura de tabla para la tabla `pb_grupos`
--

CREATE TABLE `pb_grupos` (
  `id` int(10) UNSIGNED NOT NULL,
  `nombre` varchar(150) NOT NULL,
  `layout_slots` tinyint(3) UNSIGNED NOT NULL DEFAULT 1,
  `activo` tinyint(1) NOT NULL DEFAULT 1,
  `creado` datetime NOT NULL DEFAULT current_timestamp(),
  `actualizado` datetime NOT NULL DEFAULT current_timestamp() ON UPDATE current_timestamp()
) ENGINE=InnoDB DEFAULT CHARSET=utf8mb4 COLLATE=utf8mb4_spanish_ci;

-- --------------------------------------------------------

--
-- Estructura de tabla para la tabla `pb_grupo_item`
--

CREATE TABLE `pb_grupo_item` (
  `id` int(10) UNSIGNED NOT NULL,
  `grupo_id` int(10) UNSIGNED NOT NULL,
  `publicidad_id` int(10) UNSIGNED NOT NULL,
  `orden` smallint(5) UNSIGNED NOT NULL DEFAULT 0
) ENGINE=InnoDB DEFAULT CHARSET=utf8mb4 COLLATE=utf8mb4_spanish_ci;

-- --------------------------------------------------------

--
-- Estructura de tabla para la tabla `pb_grupo_target`
--

CREATE TABLE `pb_grupo_target` (
  `id` int(10) UNSIGNED NOT NULL,
  `grupo_id` int(10) UNSIGNED NOT NULL,
  `tipo` enum('TODOS','USUARIO','ROL','EMPRESA','EMPRESA_ROL') NOT NULL,
  `usuario_id` int(10) UNSIGNED DEFAULT NULL,
  `rol_id` int(10) UNSIGNED DEFAULT NULL,
  `empresa_id` int(10) UNSIGNED DEFAULT NULL,
  `creado` datetime NOT NULL DEFAULT current_timestamp(),
  `actualizado` datetime NOT NULL DEFAULT current_timestamp() ON UPDATE current_timestamp()
) ENGINE=InnoDB DEFAULT CHARSET=utf8mb4 COLLATE=utf8mb4_spanish_ci;

-- --------------------------------------------------------

--
-- Estructura de tabla para la tabla `pb_publicidades`
--

CREATE TABLE `pb_publicidades` (
  `id` int(10) UNSIGNED NOT NULL,
  `titulo` varchar(300) NOT NULL,
  `descripcion` text DEFAULT NULL,
  `imagen_path` varchar(255) DEFAULT NULL,
  `activo` tinyint(1) NOT NULL DEFAULT 1,
  `creado` datetime NOT NULL DEFAULT current_timestamp(),
  `actualizado` datetime NOT NULL DEFAULT current_timestamp() ON UPDATE current_timestamp()
) ENGINE=InnoDB DEFAULT CHARSET=utf8mb4 COLLATE=utf8mb4_spanish_ci;

-- --------------------------------------------------------

--
-- Estructura de tabla para la tabla `pb_publicidad_etiqueta`
--

CREATE TABLE `pb_publicidad_etiqueta` (
  `publicidad_id` int(10) UNSIGNED NOT NULL,
  `etiqueta_id` int(10) UNSIGNED NOT NULL
) ENGINE=InnoDB DEFAULT CHARSET=utf8mb4 COLLATE=utf8mb4_spanish_ci;

-- --------------------------------------------------------

--
-- Estructura de tabla para la tabla `pb_publicidad_target`
--

CREATE TABLE `pb_publicidad_target` (
  `id` int(10) UNSIGNED NOT NULL,
  `publicidad_id` int(10) UNSIGNED NOT NULL,
  `tipo` enum('TODOS','USUARIO','ROL','EMPRESA','EMPRESA_ROL') NOT NULL,
  `usuario_id` int(10) UNSIGNED DEFAULT NULL,
  `rol_id` int(10) UNSIGNED DEFAULT NULL,
  `empresa_id` int(10) UNSIGNED DEFAULT NULL,
  `creado` datetime NOT NULL DEFAULT current_timestamp(),
  `actualizado` datetime NOT NULL DEFAULT current_timestamp() ON UPDATE current_timestamp()
) ENGINE=InnoDB DEFAULT CHARSET=utf8mb4 COLLATE=utf8mb4_spanish_ci;

-- --------------------------------------------------------

--
-- Estructura de tabla para la tabla `pos_abonos`
--

CREATE TABLE `pos_abonos` (
  `id` bigint(20) UNSIGNED NOT NULL,
  `id_empresa` int(10) UNSIGNED NOT NULL,
  `caja_diaria_id` int(10) UNSIGNED NOT NULL,
  `cliente_id` bigint(20) UNSIGNED DEFAULT NULL,
  `medio_id` int(10) UNSIGNED NOT NULL,
  `fecha` datetime NOT NULL,
  `monto` decimal(14,2) NOT NULL,
  `referencia` varchar(80) DEFAULT NULL,
  `observacion` varchar(255) DEFAULT NULL,
  `creado_por` int(10) UNSIGNED DEFAULT NULL,
  `creado` datetime NOT NULL DEFAULT current_timestamp(),
  `actualizado` datetime NOT NULL DEFAULT current_timestamp() ON UPDATE current_timestamp()
) ENGINE=InnoDB DEFAULT CHARSET=utf8mb4 COLLATE=utf8mb4_spanish_ci;

-- --------------------------------------------------------

--
-- Estructura de tabla para la tabla `pos_abono_aplicaciones`
--

CREATE TABLE `pos_abono_aplicaciones` (
  `id` bigint(20) UNSIGNED NOT NULL,
  `abono_id` bigint(20) UNSIGNED NOT NULL,
  `venta_id` bigint(20) UNSIGNED NOT NULL,
  `monto_aplicado` decimal(14,2) NOT NULL,
  `aplicado_en` datetime NOT NULL
) ENGINE=InnoDB DEFAULT CHARSET=utf8mb4 COLLATE=utf8mb4_spanish_ci;

-- --------------------------------------------------------

--
-- Estructura de tabla para la tabla `pos_auditoria`
--

CREATE TABLE `pos_auditoria` (
  `id` bigint(20) UNSIGNED NOT NULL,
  `id_empresa` int(10) UNSIGNED NOT NULL,
  `tabla` varchar(40) NOT NULL,
  `registro_id` bigint(20) UNSIGNED NOT NULL,
  `evento` varchar(40) NOT NULL,
  `datos` text DEFAULT NULL,
  `actor_id` int(10) UNSIGNED DEFAULT NULL,
  `actor_usuario` varchar(64) DEFAULT NULL,
  `actor_nombre` varchar(150) DEFAULT NULL,
  `ip` varchar(45) DEFAULT NULL,
  `creado_en` datetime NOT NULL
) ENGINE=InnoDB DEFAULT CHARSET=utf8mb4 COLLATE=utf8mb4_spanish_ci;

-- --------------------------------------------------------

--
-- Estructura de tabla para la tabla `pos_clientes`
--

CREATE TABLE `pos_clientes` (
  `id` bigint(20) UNSIGNED NOT NULL,
  `id_empresa` int(10) UNSIGNED NOT NULL,
  `tipo_persona` enum('NATURAL','JURIDICA') NOT NULL DEFAULT 'NATURAL',
  `doc_tipo` enum('DNI','RUC','CE','PAS','BREVETE') NOT NULL,
  `doc_numero` varchar(20) NOT NULL,
  `nombre` varchar(200) NOT NULL,
  `telefono` varchar(30) DEFAULT NULL,
  `activo` tinyint(1) NOT NULL DEFAULT 1,
  `creado` datetime NOT NULL DEFAULT current_timestamp(),
  `actualizado` datetime NOT NULL DEFAULT current_timestamp() ON UPDATE current_timestamp()
) ENGINE=InnoDB DEFAULT CHARSET=utf8mb4 COLLATE=utf8mb4_spanish_ci;

-- --------------------------------------------------------

--
-- Estructura de tabla para la tabla `pos_conductores`
--

CREATE TABLE `pos_conductores` (
  `id` bigint(20) UNSIGNED NOT NULL,
  `id_empresa` int(10) UNSIGNED NOT NULL,
  `doc_tipo` enum('DNI','CE','PAS','BREVETE') NOT NULL,
  `doc_numero` varchar(20) NOT NULL,
  `nombres` varchar(120) NOT NULL,
  `apellidos` varchar(120) NOT NULL,
  `telefono` varchar(30) DEFAULT NULL,
  `email` varchar(150) DEFAULT NULL,
  `activo` tinyint(1) NOT NULL DEFAULT 1,
  `creado` datetime NOT NULL DEFAULT current_timestamp(),
  `actualizado` datetime NOT NULL DEFAULT current_timestamp() ON UPDATE current_timestamp()
) ENGINE=InnoDB DEFAULT CHARSET=utf8mb4 COLLATE=utf8mb4_spanish_ci;

-- --------------------------------------------------------

--
-- Estructura de tabla para la tabla `pos_perfil_conductor`
--

CREATE TABLE `pos_perfil_conductor` (
  `id` bigint(20) UNSIGNED NOT NULL,
  `id_empresa` int(10) UNSIGNED NOT NULL,
  `doc_tipo` enum('DNI','CE','BREVETE') NOT NULL,
  `doc_numero` varchar(20) NOT NULL,
  `canal` varchar(30) DEFAULT NULL,
  `email` varchar(150) DEFAULT NULL,
  `nacimiento` date DEFAULT NULL,
  `categoria_auto_id` smallint(5) UNSIGNED DEFAULT NULL,
  `categoria_moto_id` smallint(5) UNSIGNED DEFAULT NULL,
  `nota` varchar(255) DEFAULT NULL,
  `creado` datetime NOT NULL DEFAULT current_timestamp(),
  `actualizado` datetime NOT NULL DEFAULT current_timestamp() ON UPDATE current_timestamp()
) ENGINE=InnoDB DEFAULT CHARSET=utf8mb4 COLLATE=utf8mb4_spanish_ci;

-- --------------------------------------------------------

--
-- Estructura de tabla para la tabla `pos_devoluciones`
--

CREATE TABLE `pos_devoluciones` (
  `id` bigint(20) UNSIGNED NOT NULL,
  `id_empresa` int(10) UNSIGNED NOT NULL,
  `caja_diaria_id` int(10) UNSIGNED NOT NULL,
  `venta_id` bigint(20) UNSIGNED NOT NULL,
  `abono_aplicacion_id` bigint(20) UNSIGNED DEFAULT NULL,
  `medio_id` int(10) UNSIGNED NOT NULL,
  `monto_devuelto` decimal(14,2) NOT NULL,
  `referencia` varchar(80) DEFAULT NULL,
  `motivo` varchar(255) DEFAULT NULL,
  `devuelto_por` int(10) UNSIGNED DEFAULT NULL,
  `devuelto_en` datetime NOT NULL
) ENGINE=InnoDB DEFAULT CHARSET=utf8mb4 COLLATE=utf8mb4_spanish_ci;

-- --------------------------------------------------------

--
-- Estructura de tabla para la tabla `pos_medios_pago`
--

CREATE TABLE `pos_medios_pago` (
  `id` int(10) UNSIGNED NOT NULL,
  `nombre` varchar(40) NOT NULL,
  `requiere_ref` tinyint(1) NOT NULL DEFAULT 0,
  `activo` tinyint(1) NOT NULL DEFAULT 1,
  `creado` datetime NOT NULL DEFAULT current_timestamp(),
  `actualizado` datetime NOT NULL DEFAULT current_timestamp() ON UPDATE current_timestamp()
) ENGINE=InnoDB DEFAULT CHARSET=utf8mb4 COLLATE=utf8mb4_spanish_ci;

--
-- Volcado de datos para la tabla `pos_medios_pago`
--

INSERT INTO `pos_medios_pago` (`id`, `nombre`, `requiere_ref`, `activo`, `creado`, `actualizado`) VALUES
(1, 'EFECTIVO', 0, 1, '2025-10-05 20:20:08', '2025-10-05 20:20:08'),
(2, 'YAPE', 1, 1, '2025-10-05 20:20:08', '2025-10-05 20:20:08'),
(3, 'PLIN', 1, 1, '2025-10-05 20:20:08', '2025-10-05 20:20:08'),
(4, 'TRANSFERENCIA', 1, 1, '2025-10-05 20:20:08', '2025-10-05 20:20:08');

-- --------------------------------------------------------

--
-- Estructura de tabla para la tabla `pos_series`
--

CREATE TABLE `pos_series` (
  `id` int(10) UNSIGNED NOT NULL,
  `id_empresa` int(10) UNSIGNED NOT NULL,
  `tipo_comprobante` enum('TICKET') NOT NULL DEFAULT 'TICKET',
  `serie` varchar(10) NOT NULL,
  `siguiente_numero` int(10) UNSIGNED NOT NULL DEFAULT 1,
  `activo` tinyint(1) NOT NULL DEFAULT 1,
  `creado` datetime NOT NULL DEFAULT current_timestamp(),
  `actualizado` datetime NOT NULL DEFAULT current_timestamp() ON UPDATE current_timestamp()
) ENGINE=InnoDB DEFAULT CHARSET=utf8mb4 COLLATE=utf8mb4_spanish_ci;

-- --------------------------------------------------------

--
-- Estructura de tabla para la tabla `pos_ventas`
--

CREATE TABLE `pos_ventas` (
  `id` bigint(20) UNSIGNED NOT NULL,
  `id_empresa` int(10) UNSIGNED NOT NULL,
  `caja_diaria_id` int(10) UNSIGNED NOT NULL,
  `serie_id` int(10) UNSIGNED NOT NULL,
  `cliente_id` bigint(20) UNSIGNED DEFAULT NULL,
  `contratante_doc_tipo` enum('DNI','CE','BREVETE') DEFAULT NULL,
  `contratante_doc_numero` varchar(32) DEFAULT NULL,
  `contratante_nombres` varchar(120) DEFAULT NULL,
  `contratante_apellidos` varchar(120) DEFAULT NULL,
  `contratante_telefono` varchar(30) DEFAULT NULL,
  `tipo_comprobante` enum('TICKET') NOT NULL DEFAULT 'TICKET',
  `serie` varchar(10) NOT NULL,
  `numero` int(10) UNSIGNED NOT NULL,
  `fecha_emision` datetime NOT NULL,
  `moneda` char(3) NOT NULL DEFAULT 'PEN',
  `estado` enum('EMITIDA','ANULADA') NOT NULL DEFAULT 'EMITIDA',
  `total` decimal(14,2) NOT NULL DEFAULT 0.00,
  `total_pagado` decimal(14,2) NOT NULL DEFAULT 0.00,
  `total_devuelto` decimal(14,2) NOT NULL DEFAULT 0.00,
  `saldo` decimal(14,2) NOT NULL DEFAULT 0.00,
  `observacion` varchar(255) DEFAULT NULL,
  `creado_por` int(10) UNSIGNED DEFAULT NULL,
  `creado` datetime NOT NULL DEFAULT current_timestamp(),
  `actualizado` datetime NOT NULL DEFAULT current_timestamp() ON UPDATE current_timestamp()
) ENGINE=InnoDB DEFAULT CHARSET=utf8mb4 COLLATE=utf8mb4_spanish_ci;

-- --------------------------------------------------------

--
-- Estructura de tabla para la tabla `pos_ventas_anulaciones`
--

CREATE TABLE `pos_ventas_anulaciones` (
  `id` bigint(20) UNSIGNED NOT NULL,
  `venta_id` bigint(20) UNSIGNED NOT NULL,
  `motivo` varchar(255) NOT NULL,
  `anulado_por` int(10) UNSIGNED NOT NULL,
  `anulado_en` datetime NOT NULL
) ENGINE=InnoDB DEFAULT CHARSET=utf8mb4 COLLATE=utf8mb4_spanish_ci;

-- --------------------------------------------------------

--
-- Estructura de tabla para la tabla `pos_venta_conductores`
--

CREATE TABLE `pos_venta_conductores` (
  `id` bigint(20) UNSIGNED NOT NULL,
  `venta_id` bigint(20) UNSIGNED NOT NULL,
  `conductor_tipo` enum('CLIENTE','REGISTRADO','PENDIENTE') NOT NULL,
  `conductor_id` bigint(20) UNSIGNED DEFAULT NULL,
  `estado` enum('ASIGNADO','PENDIENTE','ANULADO') NOT NULL DEFAULT 'ASIGNADO',
  `es_principal` tinyint(1) NOT NULL DEFAULT 0,
  `canal` varchar(30) DEFAULT NULL,
  `email_contacto` varchar(150) DEFAULT NULL,
  `nacimiento` date DEFAULT NULL,
  `nota` varchar(255) DEFAULT NULL,
  `creado` datetime NOT NULL DEFAULT current_timestamp(),
  `actualizado` datetime NOT NULL DEFAULT current_timestamp() ON UPDATE current_timestamp()
) ENGINE=InnoDB DEFAULT CHARSET=utf8mb4 COLLATE=utf8mb4_spanish_ci;

-- --------------------------------------------------------

--
-- Estructura de tabla para la tabla `pos_venta_detalles`
--

CREATE TABLE `pos_venta_detalles` (
  `id` bigint(20) UNSIGNED NOT NULL,
  `venta_id` bigint(20) UNSIGNED NOT NULL,
  `servicio_id` int(10) UNSIGNED NOT NULL,
  `servicio_nombre` varchar(200) NOT NULL,
  `descripcion` varchar(200) DEFAULT NULL,
  `cantidad` decimal(12,3) NOT NULL,
  `precio_unitario` decimal(12,2) NOT NULL,
  `descuento` decimal(12,2) NOT NULL DEFAULT 0.00,
  `total_linea` decimal(14,2) NOT NULL
) ENGINE=InnoDB DEFAULT CHARSET=utf8mb4 COLLATE=utf8mb4_spanish_ci;

-- --------------------------------------------------------

--
-- Estructura de tabla para la tabla `pos_venta_detalle_conductores`
--

CREATE TABLE `pos_venta_detalle_conductores` (
  `id` bigint(20) UNSIGNED NOT NULL,
  `venta_detalle_id` bigint(20) UNSIGNED NOT NULL,
  `conductor_tipo` enum('CLIENTE','REGISTRADO','PENDIENTE') NOT NULL,
  `conductor_id` bigint(20) UNSIGNED DEFAULT NULL,
  `estado` enum('ASIGNADO','PENDIENTE','ANULADO') NOT NULL DEFAULT 'ASIGNADO',
  `canal` varchar(30) DEFAULT NULL,
  `email_contacto` varchar(150) DEFAULT NULL,
  `nacimiento` date DEFAULT NULL,
  `nota` varchar(255) DEFAULT NULL,
  `creado` datetime NOT NULL DEFAULT current_timestamp(),
  `actualizado` datetime NOT NULL DEFAULT current_timestamp() ON UPDATE current_timestamp()
) ENGINE=InnoDB DEFAULT CHARSET=utf8mb4 COLLATE=utf8mb4_spanish_ci;

-- --------------------------------------------------------

--
-- Estructura de tabla para la tabla `vn_logs_precios`
--

CREATE TABLE `vn_logs_precios` (
  `id` int(10) UNSIGNED NOT NULL,
  `usuario_id` int(10) UNSIGNED NOT NULL,
  `empresa_id` int(10) UNSIGNED DEFAULT NULL,
  `servicio_id` int(10) UNSIGNED DEFAULT NULL,
  `precio_id` int(10) UNSIGNED DEFAULT NULL,
  `accion` varchar(30) NOT NULL,
  `detalle` text DEFAULT NULL,
  `creado` datetime NOT NULL DEFAULT current_timestamp()
) ENGINE=InnoDB DEFAULT CHARSET=utf8mb4 COLLATE=utf8mb4_spanish_ci;

-- --------------------------------------------------------

--
-- Estructura de tabla para la tabla `vn_log_precios`
--

CREATE TABLE `vn_log_precios` (
  `id` bigint(20) UNSIGNED NOT NULL,
  `id_precio` int(10) UNSIGNED DEFAULT NULL,
  `id_servicio` int(10) UNSIGNED NOT NULL,
  `id_empresa` int(10) UNSIGNED NOT NULL,
  `accion` enum('create','update','toggle_disponible','soft_delete','set_actual','clone') NOT NULL,
  `antes` longtext CHARACTER SET utf8mb4 COLLATE utf8mb4_bin DEFAULT NULL CHECK (json_valid(`antes`)),
  `despues` longtext CHARACTER SET utf8mb4 COLLATE utf8mb4_bin DEFAULT NULL CHECK (json_valid(`despues`)),
  `hecho_por` int(10) UNSIGNED DEFAULT NULL,
  `hecho_en` datetime NOT NULL DEFAULT current_timestamp()
) ENGINE=InnoDB DEFAULT CHARSET=utf8mb4 COLLATE=utf8mb4_spanish_ci;

-- --------------------------------------------------------

--
-- Estructura de tabla para la tabla `vn_precios`
--

CREATE TABLE `vn_precios` (
  `id` int(10) UNSIGNED NOT NULL,
  `id_servicio` int(10) UNSIGNED NOT NULL,
  `id_empresa` int(10) UNSIGNED NOT NULL,
  `etiqueta` varchar(80) NOT NULL,
  `monto` decimal(10,2) NOT NULL,
  `vigente_desde` date DEFAULT NULL,
  `vigente_hasta` date DEFAULT NULL,
  `disponible` tinyint(1) NOT NULL DEFAULT 1,
  `activo` tinyint(1) NOT NULL DEFAULT 1,
  `creado` datetime NOT NULL DEFAULT current_timestamp(),
  `actualizado` datetime NOT NULL DEFAULT current_timestamp() ON UPDATE current_timestamp()
) ENGINE=InnoDB DEFAULT CHARSET=utf8mb4 COLLATE=utf8mb4_spanish_ci;

-- --------------------------------------------------------

--
-- Estructura de tabla para la tabla `vn_precios_servicio`
--

CREATE TABLE `vn_precios_servicio` (
  `id` int(10) UNSIGNED NOT NULL,
  `id_servicio` int(10) UNSIGNED NOT NULL,
  `id_empresa` int(10) UNSIGNED NOT NULL,
  `etiqueta` varchar(60) NOT NULL DEFAULT 'Oficial',
  `monto` decimal(10,2) NOT NULL,
  `disponible` tinyint(1) NOT NULL DEFAULT 1,
  `activo` tinyint(1) NOT NULL DEFAULT 1,
  `notas` varchar(255) DEFAULT NULL,
  `creado_por` int(10) UNSIGNED DEFAULT NULL,
  `actualizado_por` int(10) UNSIGNED DEFAULT NULL,
  `creado` datetime NOT NULL DEFAULT current_timestamp(),
  `actualizado` datetime NOT NULL DEFAULT current_timestamp() ON UPDATE current_timestamp()
) ENGINE=InnoDB DEFAULT CHARSET=utf8mb4 COLLATE=utf8mb4_spanish_ci;

-- --------------------------------------------------------

--
-- Estructura de tabla para la tabla `vn_precio_actual`
--

CREATE TABLE `vn_precio_actual` (
  `id_servicio` int(10) UNSIGNED NOT NULL,
  `id_empresa` int(10) UNSIGNED NOT NULL,
  `id_precio` int(10) UNSIGNED NOT NULL,
  `actualizado_por` int(10) UNSIGNED DEFAULT NULL,
  `actualizado` datetime NOT NULL DEFAULT current_timestamp() ON UPDATE current_timestamp()
) ENGINE=InnoDB DEFAULT CHARSET=utf8mb4 COLLATE=utf8mb4_spanish_ci;

-- --------------------------------------------------------

--
-- Estructura de tabla para la tabla `vn_servicios`
--

CREATE TABLE `vn_servicios` (
  `id` int(10) UNSIGNED NOT NULL,
  `nombre` varchar(120) NOT NULL,
  `categoria` varchar(60) DEFAULT NULL,
  `descripcion` varchar(255) DEFAULT NULL,
  `activo` tinyint(1) NOT NULL DEFAULT 1,
  `creado_por` int(10) UNSIGNED DEFAULT NULL,
  `actualizado_por` int(10) UNSIGNED DEFAULT NULL,
  `creado` datetime NOT NULL DEFAULT current_timestamp(),
  `actualizado` datetime NOT NULL DEFAULT current_timestamp() ON UPDATE current_timestamp()
) ENGINE=InnoDB DEFAULT CHARSET=utf8mb4 COLLATE=utf8mb4_spanish_ci;

-- --------------------------------------------------------

--
-- Estructura de tabla para la tabla `vn_servicios_empresas`
--

CREATE TABLE `vn_servicios_empresas` (
  `id` int(10) UNSIGNED NOT NULL,
  `id_servicio` int(10) UNSIGNED NOT NULL,
  `id_empresa` int(10) UNSIGNED NOT NULL,
  `disponible` tinyint(1) NOT NULL DEFAULT 1,
  `activo` tinyint(1) NOT NULL DEFAULT 1,
  `notas` varchar(255) DEFAULT NULL,
  `creado_por` int(10) UNSIGNED DEFAULT NULL,
  `actualizado_por` int(10) UNSIGNED DEFAULT NULL,
  `creado` datetime NOT NULL DEFAULT current_timestamp(),
  `actualizado` datetime NOT NULL DEFAULT current_timestamp() ON UPDATE current_timestamp()
) ENGINE=InnoDB DEFAULT CHARSET=utf8mb4 COLLATE=utf8mb4_spanish_ci;

--
-- Índices para tablas volcadas
--

--
-- Indices de la tabla `al_alertas`
--
ALTER TABLE `al_alertas`
  ADD PRIMARY KEY (`id`),
  ADD KEY `idx_al_empresa` (`id_empresa`),
  ADD KEY `idx_al_empresa_activo` (`id_empresa`,`activo`),
  ADD KEY `idx_al_empresa_tipo` (`id_empresa`,`tipo`);

--
-- Indices de la tabla `al_alertas_log`
--
ALTER TABLE `al_alertas_log`
  ADD PRIMARY KEY (`id`),
  ADD KEY `idx_al_log_alerta` (`id_alerta`);

--
-- Indices de la tabla `cam_camaras`
--
ALTER TABLE `cam_camaras`
  ADD PRIMARY KEY (`id`),
  ADD UNIQUE KEY `uk_cam_empresa_nombre` (`id_empresa`,`nombre`),
  ADD KEY `idx_cam_id_empresa` (`id_empresa`);

--
-- Indices de la tabla `cam_camaras_usuarios`
--
ALTER TABLE `cam_camaras_usuarios`
  ADD PRIMARY KEY (`id`),
  ADD UNIQUE KEY `uk_cam_usuario` (`id_camara`,`usuario`),
  ADD KEY `idx_ccu_camara` (`id_camara`);

--
-- Indices de la tabla `cam_hdd`
--
ALTER TABLE `cam_hdd`
  ADD PRIMARY KEY (`id`),
  ADD KEY `idx_cam_hdd_camara` (`id_camara`),
  ADD KEY `idx_cam_hdd_estado` (`estado`),
  ADD KEY `idx_cam_hdd_camara_estado` (`id_camara`,`estado`);

--
-- Indices de la tabla `cam_hdd_consumo`
--
ALTER TABLE `cam_hdd_consumo`
  ADD PRIMARY KEY (`id`),
  ADD UNIQUE KEY `uk_cam_hdd_consumo_dia` (`id_hdd`,`fecha_dia`),
  ADD KEY `idx_cam_hdd_consumo_hdd` (`id_hdd`);

--
-- Indices de la tabla `ce_componentes`
--
ALTER TABLE `ce_componentes`
  ADD PRIMARY KEY (`id`),
  ADD KEY `idx_pl_orden` (`plantilla_id`,`orden`),
  ADD KEY `idx_tipo` (`tipo`);

--
-- Indices de la tabla `ce_componente_opciones`
--
ALTER TABLE `ce_componente_opciones`
  ADD PRIMARY KEY (`id`),
  ADD UNIQUE KEY `uk_comp_valor` (`componente_id`,`valor`),
  ADD KEY `idx_comp_orden` (`componente_id`,`orden`);

--
-- Indices de la tabla `ce_plantillas`
--
ALTER TABLE `ce_plantillas`
  ADD PRIMARY KEY (`id`),
  ADD KEY `idx_nombre` (`nombre`),
  ADD KEY `fk_ce_pl_user` (`creado_por`);

--
-- Indices de la tabla `cm_discos`
--
ALTER TABLE `cm_discos`
  ADD PRIMARY KEY (`id`);

--
-- Indices de la tabla `cm_dvr`
--
ALTER TABLE `cm_dvr`
  ADD PRIMARY KEY (`id`),
  ADD KEY `idx_dvr_disco_actual` (`id_disco_actual`);

--
-- Indices de la tabla `cm_dvr_disco`
--
ALTER TABLE `cm_dvr_disco`
  ADD PRIMARY KEY (`id`),
  ADD KEY `idx_dvrd_dvr` (`id_dvr`),
  ADD KEY `idx_dvrd_disco` (`id_disco`);

--
-- Indices de la tabla `cm_dvr_empresa`
--
ALTER TABLE `cm_dvr_empresa`
  ADD PRIMARY KEY (`id_dvr`),
  ADD UNIQUE KEY `uk_dvr_empresa` (`id_dvr`),
  ADD KEY `idx_dvr_emp_empresa` (`id_empresa`);

--
-- Indices de la tabla `cm_dvr_medicion`
--
ALTER TABLE `cm_dvr_medicion`
  ADD PRIMARY KEY (`id`),
  ADD UNIQUE KEY `uk_dvr_fecha` (`id_dvr`,`fecha`),
  ADD KEY `idx_disco_fecha` (`id_disco`,`fecha`),
  ADD KEY `idx_fecha` (`fecha`),
  ADD KEY `fk_med_user` (`capturado_por`);

--
-- Indices de la tabla `com_comunicados`
--
ALTER TABLE `com_comunicados`
  ADD PRIMARY KEY (`id`),
  ADD KEY `idx_com_activo` (`activo`),
  ADD KEY `idx_com_inicio` (`fecha_inicio`),
  ADD KEY `idx_com_fin` (`fecha_fin`),
  ADD KEY `idx_com_limite` (`fecha_limite`);

--
-- Indices de la tabla `com_comunicado_target`
--
ALTER TABLE `com_comunicado_target`
  ADD PRIMARY KEY (`id`),
  ADD KEY `idx_tgt_com` (`comunicado_id`),
  ADD KEY `idx_tgt_tipo` (`tipo`),
  ADD KEY `idx_tgt_user` (`usuario_id`),
  ADD KEY `idx_tgt_rol` (`rol_id`),
  ADD KEY `idx_tgt_emp` (`empresa_id`);

--
-- Indices de la tabla `com_comunicado_vista`
--
ALTER TABLE `com_comunicado_vista`
  ADD PRIMARY KEY (`id`),
  ADD UNIQUE KEY `uk_vista_com_user` (`comunicado_id`,`usuario_id`),
  ADD KEY `idx_vista_flags` (`visto`,`leido`),
  ADD KEY `idx_vista_times` (`visto_en`,`leido_en`),
  ADD KEY `fk_vista_user` (`usuario_id`);

--
-- Indices de la tabla `cq_categorias_licencia`
--
ALTER TABLE `cq_categorias_licencia`
  ADD PRIMARY KEY (`id`),
  ADD UNIQUE KEY `uk_cq_cl_codigo` (`codigo`),
  ADD KEY `idx_cq_cl_tipo_categoria` (`tipo_categoria`);

--
-- Indices de la tabla `cq_certificados`
--
ALTER TABLE `cq_certificados`
  ADD PRIMARY KEY (`id`),
  ADD UNIQUE KEY `uk_cq_cert_empresa_corr` (`id_empresa`,`correlativo_empresa`),
  ADD UNIQUE KEY `uk_cq_cert_empresa_codigo` (`id_empresa`,`codigo_certificado`),
  ADD UNIQUE KEY `uk_cq_cert_codigo_qr` (`codigo_qr`),
  ADD KEY `idx_cq_cert_emp_estado_fecha` (`id_empresa`,`estado`,`fecha_emision`),
  ADD KEY `idx_cq_cert_emp_curso` (`id_empresa`,`id_curso`),
  ADD KEY `idx_cq_cert_emp_doc` (`id_empresa`,`documento_cliente`),
  ADD KEY `idx_cq_cert_emp_nombre` (`id_empresa`,`apellidos_cliente`,`nombres_cliente`),
  ADD KEY `fk_cq_cert_usuario` (`id_usuario_emisor`),
  ADD KEY `fk_cq_cert_curso` (`id_curso`),
  ADD KEY `fk_cq_cert_plantilla` (`id_plantilla_certificado`),
  ADD KEY `fk_cq_cert_tipo_doc` (`id_tipo_doc`),
  ADD KEY `fk_cq_cert_categoria` (`id_categoria_licencia`);

--
-- Indices de la tabla `cq_plantillas_certificados`
--
ALTER TABLE `cq_plantillas_certificados`
  ADD PRIMARY KEY (`id`),
  ADD UNIQUE KEY `uk_pc_empresa_nombre` (`id_empresa`,`nombre`),
  ADD KEY `idx_pc_empresa` (`id_empresa`);

--
-- Indices de la tabla `cq_plantillas_elementos`
--
ALTER TABLE `cq_plantillas_elementos`
  ADD PRIMARY KEY (`id`),
  ADD UNIQUE KEY `uk_pe_plantilla_elemento` (`id_plantilla_certificado`,`codigo_elemento`);

--
-- Indices de la tabla `cq_plantillas_posiciones`
--
ALTER TABLE `cq_plantillas_posiciones`
  ADD PRIMARY KEY (`id`),
  ADD UNIQUE KEY `uk_pp_plantilla_elemento_pagina` (`id_plantilla_certificado`,`codigo_elemento`,`pagina`);

--
-- Indices de la tabla `cq_tipos_documento`
--
ALTER TABLE `cq_tipos_documento`
  ADD PRIMARY KEY (`id`),
  ADD UNIQUE KEY `uk_cq_td_codigo` (`codigo`);

--
-- Indices de la tabla `cr_cursos`
--
ALTER TABLE `cr_cursos`
  ADD PRIMARY KEY (`id`),
  ADD KEY `idx_cursos_activo` (`activo`);

--
-- Indices de la tabla `cr_curso_etiqueta`
--
ALTER TABLE `cr_curso_etiqueta`
  ADD PRIMARY KEY (`curso_id`,`etiqueta_id`),
  ADD KEY `fk_cr_ce_etiqueta` (`etiqueta_id`);

--
-- Indices de la tabla `cr_etiquetas`
--
ALTER TABLE `cr_etiquetas`
  ADD PRIMARY KEY (`id`),
  ADD UNIQUE KEY `uk_cr_tags_nombre` (`nombre`);

--
-- Indices de la tabla `cr_temas`
--
ALTER TABLE `cr_temas`
  ADD PRIMARY KEY (`id`),
  ADD KEY `idx_cr_temas_curso` (`curso_id`);

--
-- Indices de la tabla `cr_usuario_curso`
--
ALTER TABLE `cr_usuario_curso`
  ADD PRIMARY KEY (`id`),
  ADD UNIQUE KEY `uk_ucr_usuario_curso` (`usuario_id`,`curso_id`),
  ADD KEY `idx_ucr_usuario_activo` (`usuario_id`,`activo`,`curso_id`),
  ADD KEY `idx_ucr_curso_activo` (`curso_id`,`activo`,`usuario_id`),
  ADD KEY `fk_ucr_asignado_por` (`asignado_por`);

--
-- Indices de la tabla `egr_correlativos`
--
ALTER TABLE `egr_correlativos`
  ADD PRIMARY KEY (`id_empresa`);

--
-- Indices de la tabla `egr_egresos`
--
ALTER TABLE `egr_egresos`
  ADD PRIMARY KEY (`id`),
  ADD UNIQUE KEY `uk_egr_codigo` (`codigo`),
  ADD UNIQUE KEY `uk_egr_emp_correlativo` (`id_empresa`,`correlativo`),
  ADD KEY `idx_egr_empresa_fecha` (`id_empresa`,`fecha_emision`),
  ADD KEY `idx_egr_estado` (`estado`),
  ADD KEY `idx_egr_caja_diaria` (`id_caja_diaria`),
  ADD KEY `idx_egr_caja_mensual` (`id_caja_mensual`),
  ADD KEY `idx_egr_creado_por` (`creado_por`),
  ADD KEY `idx_egr_anulado_por` (`anulado_por`);

--
-- Indices de la tabla `ferreteria_productos`
--
ALTER TABLE `ferreteria_productos`
  ADD PRIMARY KEY (`id`);

--
-- Indices de la tabla `inv_bienes`
--
ALTER TABLE `inv_bienes`
  ADD PRIMARY KEY (`id`),
  ADD UNIQUE KEY `uk_inv_bienes_empresa_serie` (`id_empresa`,`serie`),
  ADD KEY `idx_inv_bienes_empresa` (`id_empresa`),
  ADD KEY `idx_inv_bienes_tipo` (`tipo`),
  ADD KEY `idx_inv_bienes_estado` (`estado`),
  ADD KEY `idx_inv_bienes_activo` (`activo`),
  ADD KEY `idx_inv_bienes_ubic` (`id_ubicacion`),
  ADD KEY `idx_inv_bienes_resp` (`id_responsable`);

--
-- Indices de la tabla `inv_bien_categoria`
--
ALTER TABLE `inv_bien_categoria`
  ADD PRIMARY KEY (`id_bien`,`id_categoria`),
  ADD KEY `idx_inv_bc_cat` (`id_categoria`);

--
-- Indices de la tabla `inv_categorias`
--
ALTER TABLE `inv_categorias`
  ADD PRIMARY KEY (`id`),
  ADD UNIQUE KEY `uk_inv_cat_empresa_nombre` (`id_empresa`,`nombre`),
  ADD KEY `idx_inv_cat_empresa` (`id_empresa`);

--
-- Indices de la tabla `inv_movimientos`
--
ALTER TABLE `inv_movimientos`
  ADD PRIMARY KEY (`id`),
  ADD KEY `idx_inv_mov_empresa` (`id_empresa`),
  ADD KEY `idx_inv_mov_bien` (`id_bien`),
  ADD KEY `idx_inv_mov_tipo` (`tipo`),
  ADD KEY `idx_inv_mov_creado` (`creado`),
  ADD KEY `fk_inv_mov_usr` (`id_usuario`),
  ADD KEY `fk_inv_mov_desde_ubic` (`desde_ubicacion`),
  ADD KEY `fk_inv_mov_hacia_ubic` (`hacia_ubicacion`),
  ADD KEY `fk_inv_mov_desde_resp` (`desde_responsable`),
  ADD KEY `fk_inv_mov_hacia_resp` (`hacia_responsable`);

--
-- Indices de la tabla `inv_ubicaciones`
--
ALTER TABLE `inv_ubicaciones`
  ADD PRIMARY KEY (`id`),
  ADD UNIQUE KEY `uk_inv_ubic_empresa_nombre` (`id_empresa`,`nombre`),
  ADD KEY `idx_inv_ubic_empresa` (`id_empresa`);

--
-- Indices de la tabla `iv_camaras`
--
ALTER TABLE `iv_camaras`
  ADD PRIMARY KEY (`id`),
  ADD KEY `idx_iv_cam_empresa` (`id_empresa`);

--
-- Indices de la tabla `iv_computadoras`
--
ALTER TABLE `iv_computadoras`
  ADD PRIMARY KEY (`id`),
  ADD KEY `idx_iv_pc_empresa` (`id_empresa`);

--
-- Indices de la tabla `iv_dvrs`
--
ALTER TABLE `iv_dvrs`
  ADD PRIMARY KEY (`id`),
  ADD KEY `idx_iv_dvr_empresa` (`id_empresa`);

--
-- Indices de la tabla `iv_huelleros`
--
ALTER TABLE `iv_huelleros`
  ADD PRIMARY KEY (`id`),
  ADD KEY `idx_iv_huella_empresa` (`id_empresa`);

--
-- Indices de la tabla `iv_red`
--
ALTER TABLE `iv_red`
  ADD PRIMARY KEY (`id`),
  ADD KEY `idx_iv_red_empresa` (`id_empresa`);

--
-- Indices de la tabla `iv_switches`
--
ALTER TABLE `iv_switches`
  ADD PRIMARY KEY (`id`),
  ADD KEY `idx_iv_sw_empresa` (`id_empresa`);

--
-- Indices de la tabla `iv_transmision`
--
ALTER TABLE `iv_transmision`
  ADD PRIMARY KEY (`id`),
  ADD KEY `idx_iv_tx_empresa` (`id_empresa`);

--
-- Indices de la tabla `mod_caja_auditoria`
--
ALTER TABLE `mod_caja_auditoria`
  ADD PRIMARY KEY (`id`),
  ADD KEY `idx_emp_tiempo` (`id_empresa`,`creado_en`),
  ADD KEY `idx_mens` (`id_caja_mensual`),
  ADD KEY `idx_dia` (`id_caja_diaria`);

--
-- Indices de la tabla `mod_caja_diaria`
--
ALTER TABLE `mod_caja_diaria`
  ADD PRIMARY KEY (`id`),
  ADD UNIQUE KEY `uk_empresa_fecha` (`id_empresa`,`fecha`),
  ADD UNIQUE KEY `uk_codigo` (`codigo`),
  ADD UNIQUE KEY `uk_diaria_abierta` (`id_empresa`,`abierta_key`),
  ADD KEY `idx_emp_estado` (`id_empresa`,`estado`),
  ADD KEY `fk_cd_mensual` (`id_caja_mensual`),
  ADD KEY `fk_cd_abre` (`abierto_por`),
  ADD KEY `fk_cd_cierra` (`cerrado_por`),
  ADD KEY `idx_fecha` (`fecha`),
  ADD KEY `idx_emp_fecha` (`id_empresa`,`fecha`);

--
-- Indices de la tabla `mod_caja_mensual`
--
ALTER TABLE `mod_caja_mensual`
  ADD PRIMARY KEY (`id`),
  ADD UNIQUE KEY `uk_empresa_periodo` (`id_empresa`,`anio`,`mes`),
  ADD UNIQUE KEY `uk_codigo` (`codigo`),
  ADD UNIQUE KEY `uk_mensual_abierta` (`id_empresa`,`abierta_key`),
  ADD KEY `idx_emp_estado` (`id_empresa`,`estado`),
  ADD KEY `fk_cm_abre` (`abierto_por`),
  ADD KEY `fk_cm_cierra` (`cerrado_por`),
  ADD KEY `idx_periodo` (`periodo`),
  ADD KEY `idx_emp_periodo` (`id_empresa`,`periodo`);

--
-- Indices de la tabla `mod_empresa_servicio`
--
ALTER TABLE `mod_empresa_servicio`
  ADD PRIMARY KEY (`id`),
  ADD UNIQUE KEY `uk_mod_emp_srv` (`empresa_id`,`servicio_id`),
  ADD KEY `idx_mod_emp` (`empresa_id`),
  ADD KEY `idx_mod_srv` (`servicio_id`);

--
-- Indices de la tabla `mod_etiquetas`
--
ALTER TABLE `mod_etiquetas`
  ADD PRIMARY KEY (`id`),
  ADD UNIQUE KEY `uk_mod_etiquetas_nombre` (`nombre`);

--
-- Indices de la tabla `mod_precios`
--
ALTER TABLE `mod_precios`
  ADD PRIMARY KEY (`id`),
  ADD UNIQUE KEY `uk_mod_precios_emp_srv_rol` (`empresa_id`,`servicio_id`,`rol`),
  ADD KEY `idx_mod_precios_emp_srv` (`empresa_id`,`servicio_id`),
  ADD KEY `fk_mod_precios__servicio` (`servicio_id`);

--
-- Indices de la tabla `mod_servicios`
--
ALTER TABLE `mod_servicios`
  ADD PRIMARY KEY (`id`),
  ADD UNIQUE KEY `uk_mod_servicios_nombre` (`nombre`),
  ADD KEY `idx_mod_servicios_activo` (`activo`);

--
-- Indices de la tabla `mod_servicio_etiqueta`
--
ALTER TABLE `mod_servicio_etiqueta`
  ADD PRIMARY KEY (`servicio_id`,`etiqueta_id`),
  ADD KEY `fk_mse_etiqueta` (`etiqueta_id`);

--
-- Indices de la tabla `mtp_alumnos`
--
ALTER TABLE `mtp_alumnos`
  ADD PRIMARY KEY (`id`),
  ADD UNIQUE KEY `uk_alumno_doc` (`documento`);

--
-- Indices de la tabla `mtp_archivos`
--
ALTER TABLE `mtp_archivos`
  ADD PRIMARY KEY (`id`),
  ADD UNIQUE KEY `uk_mtp_archivos_ruta` (`ruta_relativa`),
  ADD KEY `idx_mtp_archivos_categoria_creado` (`categoria`,`creado`),
  ADD KEY `idx_mtp_archivos_estado` (`estado`),
  ADD KEY `idx_mtp_archivos_entidad` (`triada`,`entidad`,`entidad_id`);

--
-- Indices de la tabla `mtp_departamentos`
--
ALTER TABLE `mtp_departamentos`
  ADD PRIMARY KEY (`id`),
  ADD UNIQUE KEY `uk_depa_nombre` (`nombre`);

--
-- Indices de la tabla `mtp_detalle_usuario`
--
ALTER TABLE `mtp_detalle_usuario`
  ADD PRIMARY KEY (`id_usuario`);

--
-- Indices de la tabla `mtp_empresas`
--
ALTER TABLE `mtp_empresas`
  ADD PRIMARY KEY (`id`),
  ADD UNIQUE KEY `uk_empresas_ruc` (`ruc`,`nombre`),
  ADD KEY `idx_empresas_tipo` (`id_tipo`),
  ADD KEY `idx_empresas_depa` (`id_depa`),
  ADD KEY `idx_empresas_repleg` (`id_repleg`);

--
-- Indices de la tabla `mtp_representante_legal`
--
ALTER TABLE `mtp_representante_legal`
  ADD PRIMARY KEY (`id`),
  ADD UNIQUE KEY `uk_repleg_documento` (`documento`);

--
-- Indices de la tabla `mtp_roles`
--
ALTER TABLE `mtp_roles`
  ADD PRIMARY KEY (`id`),
  ADD UNIQUE KEY `uk_roles_nombre` (`nombre`);

--
-- Indices de la tabla `mtp_tipos_empresas`
--
ALTER TABLE `mtp_tipos_empresas`
  ADD PRIMARY KEY (`id`),
  ADD UNIQUE KEY `uk_tipos_nombre` (`nombre`);

--
-- Indices de la tabla `mtp_usuarios`
--
ALTER TABLE `mtp_usuarios`
  ADD PRIMARY KEY (`id`),
  ADD UNIQUE KEY `uk_usuarios_usuario` (`usuario`),
  ADD KEY `idx_usuarios_empresa` (`id_empresa`);

--
-- Indices de la tabla `mtp_usuario_roles`
--
ALTER TABLE `mtp_usuario_roles`
  ADD PRIMARY KEY (`id`),
  ADD UNIQUE KEY `uk_usuario_rol` (`id_usuario`,`id_rol`),
  ADD KEY `idx_ur_usuario` (`id_usuario`),
  ADD KEY `idx_ur_rol` (`id_rol`);

--
-- Indices de la tabla `pb_etiquetas`
--
ALTER TABLE `pb_etiquetas`
  ADD PRIMARY KEY (`id`),
  ADD UNIQUE KEY `uk_pb_tag` (`nombre`);

--
-- Indices de la tabla `pb_grupos`
--
ALTER TABLE `pb_grupos`
  ADD PRIMARY KEY (`id`),
  ADD KEY `idx_pb_grp_activo` (`activo`);

--
-- Indices de la tabla `pb_grupo_item`
--
ALTER TABLE `pb_grupo_item`
  ADD PRIMARY KEY (`id`),
  ADD UNIQUE KEY `uk_pb_grupo_pub` (`grupo_id`,`publicidad_id`),
  ADD KEY `idx_pb_gi_grupo` (`grupo_id`),
  ADD KEY `idx_pb_gi_orden` (`orden`),
  ADD KEY `fk_pb_gi_pub` (`publicidad_id`);

--
-- Indices de la tabla `pb_grupo_target`
--
ALTER TABLE `pb_grupo_target`
  ADD PRIMARY KEY (`id`),
  ADD KEY `idx_pb_gt_grp` (`grupo_id`),
  ADD KEY `idx_pb_gt_tipo` (`tipo`),
  ADD KEY `idx_pb_gt_user` (`usuario_id`),
  ADD KEY `idx_pb_gt_rol` (`rol_id`),
  ADD KEY `idx_pb_gt_emp` (`empresa_id`);

--
-- Indices de la tabla `pb_publicidades`
--
ALTER TABLE `pb_publicidades`
  ADD PRIMARY KEY (`id`),
  ADD KEY `idx_pb_activo` (`activo`);

--
-- Indices de la tabla `pb_publicidad_etiqueta`
--
ALTER TABLE `pb_publicidad_etiqueta`
  ADD PRIMARY KEY (`publicidad_id`,`etiqueta_id`),
  ADD KEY `idx_pb_pe_tag` (`etiqueta_id`);

--
-- Indices de la tabla `pb_publicidad_target`
--
ALTER TABLE `pb_publicidad_target`
  ADD PRIMARY KEY (`id`),
  ADD KEY `idx_pb_tgt_pub` (`publicidad_id`),
  ADD KEY `idx_pb_tgt_tipo` (`tipo`),
  ADD KEY `idx_pb_tgt_user` (`usuario_id`),
  ADD KEY `idx_pb_tgt_rol` (`rol_id`),
  ADD KEY `idx_pb_tgt_emp` (`empresa_id`);

--
-- Indices de la tabla `pos_abonos`
--
ALTER TABLE `pos_abonos`
  ADD PRIMARY KEY (`id`),
  ADD KEY `idx_pos_ab_emp_fecha` (`id_empresa`,`fecha`),
  ADD KEY `idx_pos_ab_cliente` (`cliente_id`),
  ADD KEY `idx_pos_ab_medio` (`medio_id`),
  ADD KEY `idx_pos_ab_caja` (`caja_diaria_id`),
  ADD KEY `fk_pos_ab_user` (`creado_por`);

--
-- Indices de la tabla `pos_abono_aplicaciones`
--
ALTER TABLE `pos_abono_aplicaciones`
  ADD PRIMARY KEY (`id`),
  ADD KEY `idx_pos_apl_abono` (`abono_id`),
  ADD KEY `idx_pos_apl_venta` (`venta_id`);

--
-- Indices de la tabla `pos_auditoria`
--
ALTER TABLE `pos_auditoria`
  ADD PRIMARY KEY (`id`),
  ADD KEY `idx_pos_aud_emp_time` (`id_empresa`,`creado_en`),
  ADD KEY `idx_pos_aud_tabla_reg` (`tabla`,`registro_id`),
  ADD KEY `idx_pos_aud_evento` (`evento`),
  ADD KEY `fk_pos_aud_user` (`actor_id`);

--
-- Indices de la tabla `pos_clientes`
--
ALTER TABLE `pos_clientes`
  ADD PRIMARY KEY (`id`),
  ADD UNIQUE KEY `uk_pos_cli_doc` (`id_empresa`,`doc_tipo`,`doc_numero`),
  ADD KEY `idx_pos_cli_nombre` (`id_empresa`,`nombre`);

--
-- Indices de la tabla `pos_conductores`
--
ALTER TABLE `pos_conductores`
  ADD PRIMARY KEY (`id`),
  ADD UNIQUE KEY `uk_pos_cond_doc` (`id_empresa`,`doc_tipo`,`doc_numero`),
  ADD KEY `idx_pos_cond_apenom` (`id_empresa`,`apellidos`,`nombres`);

--
-- Indices de la tabla `pos_perfil_conductor`
--
ALTER TABLE `pos_perfil_conductor`
  ADD PRIMARY KEY (`id`),
  ADD UNIQUE KEY `uk_pos_pc_doc` (`id_empresa`,`doc_tipo`,`doc_numero`),
  ADD KEY `idx_pos_pc_cat_auto` (`categoria_auto_id`),
  ADD KEY `idx_pos_pc_cat_moto` (`categoria_moto_id`);

--
-- Indices de la tabla `pos_devoluciones`
--
ALTER TABLE `pos_devoluciones`
  ADD PRIMARY KEY (`id`),
  ADD KEY `idx_pos_dev_emp_fecha` (`id_empresa`,`devuelto_en`),
  ADD KEY `idx_pos_dev_venta` (`venta_id`),
  ADD KEY `idx_pos_dev_apl` (`abono_aplicacion_id`),
  ADD KEY `idx_pos_dev_caja` (`caja_diaria_id`),
  ADD KEY `fk_pos_dev_medio` (`medio_id`),
  ADD KEY `fk_pos_dev_user` (`devuelto_por`);

--
-- Indices de la tabla `pos_medios_pago`
--
ALTER TABLE `pos_medios_pago`
  ADD PRIMARY KEY (`id`),
  ADD UNIQUE KEY `uk_pos_mp_nombre` (`nombre`);

--
-- Indices de la tabla `pos_series`
--
ALTER TABLE `pos_series`
  ADD PRIMARY KEY (`id`),
  ADD UNIQUE KEY `uk_pos_series` (`id_empresa`,`tipo_comprobante`,`serie`),
  ADD KEY `idx_pos_series_emp_activo` (`id_empresa`,`activo`);

--
-- Indices de la tabla `pos_ventas`
--
ALTER TABLE `pos_ventas`
  ADD PRIMARY KEY (`id`),
  ADD UNIQUE KEY `uk_pos_ticket` (`id_empresa`,`tipo_comprobante`,`serie`,`numero`),
  ADD KEY `idx_pos_v_emp_fecha` (`id_empresa`,`fecha_emision`),
  ADD KEY `idx_pos_v_emp_estado` (`id_empresa`,`estado`),
  ADD KEY `idx_pos_v_emp_saldo` (`id_empresa`,`saldo`),
  ADD KEY `idx_pos_v_cli` (`cliente_id`),
  ADD KEY `idx_pos_v_caja` (`caja_diaria_id`),
  ADD KEY `fk_pos_v_serie` (`serie_id`),
  ADD KEY `fk_pos_v_user` (`creado_por`),
  ADD KEY `idx_contratante_doc` (`contratante_doc_tipo`,`contratante_doc_numero`);

--
-- Indices de la tabla `pos_ventas_anulaciones`
--
ALTER TABLE `pos_ventas_anulaciones`
  ADD PRIMARY KEY (`id`),
  ADD UNIQUE KEY `uk_pos_anulacion_venta` (`venta_id`),
  ADD KEY `idx_pos_anula_fecha` (`anulado_en`),
  ADD KEY `fk_pos_anula_user` (`anulado_por`);

--
-- Indices de la tabla `pos_venta_conductores`
--
ALTER TABLE `pos_venta_conductores`
  ADD PRIMARY KEY (`id`),
  ADD UNIQUE KEY `uk_pos_vc_reg` (`venta_id`,`conductor_id`),
  ADD KEY `idx_pos_vc_venta` (`venta_id`),
  ADD KEY `idx_pos_vc_cond` (`conductor_id`),
  ADD KEY `idx_pos_vc_estado` (`estado`);

--
-- Indices de la tabla `pos_venta_detalles`
--
ALTER TABLE `pos_venta_detalles`
  ADD PRIMARY KEY (`id`),
  ADD KEY `idx_pos_vd_venta` (`venta_id`),
  ADD KEY `idx_pos_vd_serv` (`servicio_id`);

--
-- Indices de la tabla `pos_venta_detalle_conductores`
--
ALTER TABLE `pos_venta_detalle_conductores`
  ADD PRIMARY KEY (`id`),
  ADD UNIQUE KEY `uk_pos_vdc_reg` (`venta_detalle_id`,`conductor_id`),
  ADD KEY `idx_pos_vdc_det` (`venta_detalle_id`),
  ADD KEY `idx_pos_vdc_cond` (`conductor_id`);

--
-- Indices de la tabla `vn_logs_precios`
--
ALTER TABLE `vn_logs_precios`
  ADD PRIMARY KEY (`id`),
  ADD KEY `idx_logs_user` (`usuario_id`),
  ADD KEY `idx_logs_emp` (`empresa_id`),
  ADD KEY `idx_logs_svc` (`servicio_id`),
  ADD KEY `idx_logs_acc` (`accion`);

--
-- Indices de la tabla `vn_log_precios`
--
ALTER TABLE `vn_log_precios`
  ADD PRIMARY KEY (`id`),
  ADD KEY `idx_vn_log_precio` (`id_precio`),
  ADD KEY `idx_vn_log_serv_emp` (`id_servicio`,`id_empresa`),
  ADD KEY `fk_vn_log_emp` (`id_empresa`),
  ADD KEY `fk_vn_log_user` (`hecho_por`);

--
-- Indices de la tabla `vn_precios`
--
ALTER TABLE `vn_precios`
  ADD PRIMARY KEY (`id`),
  ADD UNIQUE KEY `uk_precio` (`id_servicio`,`id_empresa`,`etiqueta`),
  ADD KEY `idx_precio_se` (`id_servicio`,`id_empresa`),
  ADD KEY `fk_precio_emp` (`id_empresa`);

--
-- Indices de la tabla `vn_precios_servicio`
--
ALTER TABLE `vn_precios_servicio`
  ADD PRIMARY KEY (`id`),
  ADD UNIQUE KEY `uk_vn_precio_etiqueta` (`id_servicio`,`id_empresa`,`etiqueta`),
  ADD KEY `idx_vn_precio_serv_emp` (`id_servicio`,`id_empresa`),
  ADD KEY `fk_vn_precio_emp` (`id_empresa`),
  ADD KEY `fk_vn_precio_cuser` (`creado_por`),
  ADD KEY `fk_vn_precio_uuser` (`actualizado_por`);

--
-- Indices de la tabla `vn_precio_actual`
--
ALTER TABLE `vn_precio_actual`
  ADD PRIMARY KEY (`id_servicio`,`id_empresa`),
  ADD KEY `idx_vn_precio_actual_precio` (`id_precio`),
  ADD KEY `fk_vn_pa_emp` (`id_empresa`),
  ADD KEY `fk_vn_pa_user` (`actualizado_por`);

--
-- Indices de la tabla `vn_servicios`
--
ALTER TABLE `vn_servicios`
  ADD PRIMARY KEY (`id`),
  ADD UNIQUE KEY `uk_vn_servicio_nombre` (`nombre`),
  ADD KEY `idx_vn_serv_activo` (`activo`),
  ADD KEY `fk_vn_serv_creado_user` (`creado_por`),
  ADD KEY `fk_vn_serv_actualizado_user` (`actualizado_por`);

--
-- Indices de la tabla `vn_servicios_empresas`
--
ALTER TABLE `vn_servicios_empresas`
  ADD PRIMARY KEY (`id`),
  ADD UNIQUE KEY `uk_vn_serv_emp` (`id_servicio`,`id_empresa`),
  ADD KEY `idx_vn_emp_serv` (`id_empresa`),
  ADD KEY `fk_vn_se_cuser` (`creado_por`),
  ADD KEY `fk_vn_se_uuser` (`actualizado_por`);

--
-- AUTO_INCREMENT de las tablas volcadas
--

--
-- AUTO_INCREMENT de la tabla `al_alertas`
--
ALTER TABLE `al_alertas`
  MODIFY `id` int(10) UNSIGNED NOT NULL AUTO_INCREMENT;

--
-- AUTO_INCREMENT de la tabla `al_alertas_log`
--
ALTER TABLE `al_alertas_log`
  MODIFY `id` int(10) UNSIGNED NOT NULL AUTO_INCREMENT;

--
-- AUTO_INCREMENT de la tabla `cam_camaras`
--
ALTER TABLE `cam_camaras`
  MODIFY `id` int(10) UNSIGNED NOT NULL AUTO_INCREMENT, AUTO_INCREMENT=18;

--
-- AUTO_INCREMENT de la tabla `cam_camaras_usuarios`
--
ALTER TABLE `cam_camaras_usuarios`
  MODIFY `id` int(10) UNSIGNED NOT NULL AUTO_INCREMENT, AUTO_INCREMENT=8;

--
-- AUTO_INCREMENT de la tabla `cam_hdd`
--
ALTER TABLE `cam_hdd`
  MODIFY `id` int(10) UNSIGNED NOT NULL AUTO_INCREMENT, AUTO_INCREMENT=20;

--
-- AUTO_INCREMENT de la tabla `cam_hdd_consumo`
--
ALTER TABLE `cam_hdd_consumo`
  MODIFY `id` int(10) UNSIGNED NOT NULL AUTO_INCREMENT, AUTO_INCREMENT=282;

--
-- AUTO_INCREMENT de la tabla `ce_componentes`
--
ALTER TABLE `ce_componentes`
  MODIFY `id` int(10) UNSIGNED NOT NULL AUTO_INCREMENT;

--
-- AUTO_INCREMENT de la tabla `ce_componente_opciones`
--
ALTER TABLE `ce_componente_opciones`
  MODIFY `id` int(10) UNSIGNED NOT NULL AUTO_INCREMENT;

--
-- AUTO_INCREMENT de la tabla `ce_plantillas`
--
ALTER TABLE `ce_plantillas`
  MODIFY `id` int(10) UNSIGNED NOT NULL AUTO_INCREMENT;

--
-- AUTO_INCREMENT de la tabla `cm_discos`
--
ALTER TABLE `cm_discos`
  MODIFY `id` int(10) UNSIGNED NOT NULL AUTO_INCREMENT, AUTO_INCREMENT=2;

--
-- AUTO_INCREMENT de la tabla `cm_dvr`
--
ALTER TABLE `cm_dvr`
  MODIFY `id` int(10) UNSIGNED NOT NULL AUTO_INCREMENT, AUTO_INCREMENT=2;

--
-- AUTO_INCREMENT de la tabla `cm_dvr_disco`
--
ALTER TABLE `cm_dvr_disco`
  MODIFY `id` int(10) UNSIGNED NOT NULL AUTO_INCREMENT, AUTO_INCREMENT=2;

--
-- AUTO_INCREMENT de la tabla `cm_dvr_medicion`
--
ALTER TABLE `cm_dvr_medicion`
  MODIFY `id` int(10) UNSIGNED NOT NULL AUTO_INCREMENT;

--
-- AUTO_INCREMENT de la tabla `com_comunicados`
--
ALTER TABLE `com_comunicados`
  MODIFY `id` int(10) UNSIGNED NOT NULL AUTO_INCREMENT;

--
-- AUTO_INCREMENT de la tabla `com_comunicado_target`
--
ALTER TABLE `com_comunicado_target`
  MODIFY `id` int(10) UNSIGNED NOT NULL AUTO_INCREMENT;

--
-- AUTO_INCREMENT de la tabla `com_comunicado_vista`
--
ALTER TABLE `com_comunicado_vista`
  MODIFY `id` int(10) UNSIGNED NOT NULL AUTO_INCREMENT;

--
-- AUTO_INCREMENT de la tabla `cq_categorias_licencia`
--
ALTER TABLE `cq_categorias_licencia`
  MODIFY `id` smallint(5) UNSIGNED NOT NULL AUTO_INCREMENT, AUTO_INCREMENT=11;

--
-- AUTO_INCREMENT de la tabla `cq_certificados`
--
ALTER TABLE `cq_certificados`
  MODIFY `id` int(10) UNSIGNED NOT NULL AUTO_INCREMENT, AUTO_INCREMENT=45;

--
-- AUTO_INCREMENT de la tabla `cq_plantillas_certificados`
--
ALTER TABLE `cq_plantillas_certificados`
  MODIFY `id` int(10) UNSIGNED NOT NULL AUTO_INCREMENT, AUTO_INCREMENT=6;

--
-- AUTO_INCREMENT de la tabla `cq_plantillas_elementos`
--
ALTER TABLE `cq_plantillas_elementos`
  MODIFY `id` int(10) UNSIGNED NOT NULL AUTO_INCREMENT, AUTO_INCREMENT=173;

--
-- AUTO_INCREMENT de la tabla `cq_plantillas_posiciones`
--
ALTER TABLE `cq_plantillas_posiciones`
  MODIFY `id` int(10) UNSIGNED NOT NULL AUTO_INCREMENT, AUTO_INCREMENT=625;

--
-- AUTO_INCREMENT de la tabla `cq_tipos_documento`
--
ALTER TABLE `cq_tipos_documento`
  MODIFY `id` tinyint(3) UNSIGNED NOT NULL AUTO_INCREMENT, AUTO_INCREMENT=4;

--
-- AUTO_INCREMENT de la tabla `cr_cursos`
--
ALTER TABLE `cr_cursos`
  MODIFY `id` int(10) UNSIGNED NOT NULL AUTO_INCREMENT, AUTO_INCREMENT=32;

--
-- AUTO_INCREMENT de la tabla `cr_etiquetas`
--
ALTER TABLE `cr_etiquetas`
  MODIFY `id` int(10) UNSIGNED NOT NULL AUTO_INCREMENT;

--
-- AUTO_INCREMENT de la tabla `cr_temas`
--
ALTER TABLE `cr_temas`
  MODIFY `id` int(10) UNSIGNED NOT NULL AUTO_INCREMENT;

--
-- AUTO_INCREMENT de la tabla `cr_usuario_curso`
--
ALTER TABLE `cr_usuario_curso`
  MODIFY `id` bigint(20) UNSIGNED NOT NULL AUTO_INCREMENT;

--
-- AUTO_INCREMENT de la tabla `egr_egresos`
--
ALTER TABLE `egr_egresos`
  MODIFY `id` bigint(20) UNSIGNED NOT NULL AUTO_INCREMENT;

--
-- AUTO_INCREMENT de la tabla `ferreteria_productos`
--
ALTER TABLE `ferreteria_productos`
  MODIFY `id` int(11) NOT NULL AUTO_INCREMENT, AUTO_INCREMENT=10;

--
-- AUTO_INCREMENT de la tabla `inv_bienes`
--
ALTER TABLE `inv_bienes`
  MODIFY `id` int(10) UNSIGNED NOT NULL AUTO_INCREMENT, AUTO_INCREMENT=175;

--
-- AUTO_INCREMENT de la tabla `inv_categorias`
--
ALTER TABLE `inv_categorias`
  MODIFY `id` int(10) UNSIGNED NOT NULL AUTO_INCREMENT, AUTO_INCREMENT=9;

--
-- AUTO_INCREMENT de la tabla `inv_movimientos`
--
ALTER TABLE `inv_movimientos`
  MODIFY `id` bigint(20) UNSIGNED NOT NULL AUTO_INCREMENT, AUTO_INCREMENT=133;

--
-- AUTO_INCREMENT de la tabla `inv_ubicaciones`
--
ALTER TABLE `inv_ubicaciones`
  MODIFY `id` int(10) UNSIGNED NOT NULL AUTO_INCREMENT, AUTO_INCREMENT=2;

--
-- AUTO_INCREMENT de la tabla `iv_camaras`
--
ALTER TABLE `iv_camaras`
  MODIFY `id` int(10) UNSIGNED NOT NULL AUTO_INCREMENT, AUTO_INCREMENT=11;

--
-- AUTO_INCREMENT de la tabla `iv_computadoras`
--
ALTER TABLE `iv_computadoras`
  MODIFY `id` int(10) UNSIGNED NOT NULL AUTO_INCREMENT, AUTO_INCREMENT=9;

--
-- AUTO_INCREMENT de la tabla `iv_dvrs`
--
ALTER TABLE `iv_dvrs`
  MODIFY `id` int(10) UNSIGNED NOT NULL AUTO_INCREMENT, AUTO_INCREMENT=4;

--
-- AUTO_INCREMENT de la tabla `iv_huelleros`
--
ALTER TABLE `iv_huelleros`
  MODIFY `id` int(10) UNSIGNED NOT NULL AUTO_INCREMENT, AUTO_INCREMENT=5;

--
-- AUTO_INCREMENT de la tabla `iv_red`
--
ALTER TABLE `iv_red`
  MODIFY `id` int(10) UNSIGNED NOT NULL AUTO_INCREMENT, AUTO_INCREMENT=4;

--
-- AUTO_INCREMENT de la tabla `iv_switches`
--
ALTER TABLE `iv_switches`
  MODIFY `id` int(10) UNSIGNED NOT NULL AUTO_INCREMENT, AUTO_INCREMENT=4;

--
-- AUTO_INCREMENT de la tabla `iv_transmision`
--
ALTER TABLE `iv_transmision`
  MODIFY `id` int(10) UNSIGNED NOT NULL AUTO_INCREMENT, AUTO_INCREMENT=4;

--
-- AUTO_INCREMENT de la tabla `mod_caja_auditoria`
--
ALTER TABLE `mod_caja_auditoria`
  MODIFY `id` bigint(20) UNSIGNED NOT NULL AUTO_INCREMENT;

--
-- AUTO_INCREMENT de la tabla `mod_caja_diaria`
--
ALTER TABLE `mod_caja_diaria`
  MODIFY `id` int(10) UNSIGNED NOT NULL AUTO_INCREMENT;

--
-- AUTO_INCREMENT de la tabla `mod_caja_mensual`
--
ALTER TABLE `mod_caja_mensual`
  MODIFY `id` int(10) UNSIGNED NOT NULL AUTO_INCREMENT;

--
-- AUTO_INCREMENT de la tabla `mod_empresa_servicio`
--
ALTER TABLE `mod_empresa_servicio`
  MODIFY `id` int(10) UNSIGNED NOT NULL AUTO_INCREMENT;

--
-- AUTO_INCREMENT de la tabla `mod_etiquetas`
--
ALTER TABLE `mod_etiquetas`
  MODIFY `id` int(10) UNSIGNED NOT NULL AUTO_INCREMENT;

--
-- AUTO_INCREMENT de la tabla `mod_precios`
--
ALTER TABLE `mod_precios`
  MODIFY `id` int(10) UNSIGNED NOT NULL AUTO_INCREMENT;

--
-- AUTO_INCREMENT de la tabla `mod_servicios`
--
ALTER TABLE `mod_servicios`
  MODIFY `id` int(10) UNSIGNED NOT NULL AUTO_INCREMENT;

--
-- AUTO_INCREMENT de la tabla `mtp_alumnos`
--
ALTER TABLE `mtp_alumnos`
  MODIFY `id` int(10) UNSIGNED NOT NULL AUTO_INCREMENT;

--
-- AUTO_INCREMENT de la tabla `mtp_archivos`
--
ALTER TABLE `mtp_archivos`
  MODIFY `id` bigint(20) UNSIGNED NOT NULL AUTO_INCREMENT, AUTO_INCREMENT=46;

--
-- AUTO_INCREMENT de la tabla `mtp_departamentos`
--
ALTER TABLE `mtp_departamentos`
  MODIFY `id` int(10) UNSIGNED NOT NULL AUTO_INCREMENT, AUTO_INCREMENT=11;

--
-- AUTO_INCREMENT de la tabla `mtp_empresas`
--
ALTER TABLE `mtp_empresas`
  MODIFY `id` int(10) UNSIGNED NOT NULL AUTO_INCREMENT, AUTO_INCREMENT=18;

--
-- AUTO_INCREMENT de la tabla `mtp_representante_legal`
--
ALTER TABLE `mtp_representante_legal`
  MODIFY `id` int(10) UNSIGNED NOT NULL AUTO_INCREMENT, AUTO_INCREMENT=16;

--
-- AUTO_INCREMENT de la tabla `mtp_roles`
--
ALTER TABLE `mtp_roles`
  MODIFY `id` int(10) UNSIGNED NOT NULL AUTO_INCREMENT, AUTO_INCREMENT=8;

--
-- AUTO_INCREMENT de la tabla `mtp_tipos_empresas`
--
ALTER TABLE `mtp_tipos_empresas`
  MODIFY `id` int(10) UNSIGNED NOT NULL AUTO_INCREMENT, AUTO_INCREMENT=8;

--
-- AUTO_INCREMENT de la tabla `mtp_usuarios`
--
ALTER TABLE `mtp_usuarios`
  MODIFY `id` int(10) UNSIGNED NOT NULL AUTO_INCREMENT, AUTO_INCREMENT=9;

--
-- AUTO_INCREMENT de la tabla `mtp_usuario_roles`
--
ALTER TABLE `mtp_usuario_roles`
  MODIFY `id` int(10) UNSIGNED NOT NULL AUTO_INCREMENT, AUTO_INCREMENT=22;

--
-- AUTO_INCREMENT de la tabla `pb_etiquetas`
--
ALTER TABLE `pb_etiquetas`
  MODIFY `id` int(10) UNSIGNED NOT NULL AUTO_INCREMENT;

--
-- AUTO_INCREMENT de la tabla `pb_grupos`
--
ALTER TABLE `pb_grupos`
  MODIFY `id` int(10) UNSIGNED NOT NULL AUTO_INCREMENT;

--
-- AUTO_INCREMENT de la tabla `pb_grupo_item`
--
ALTER TABLE `pb_grupo_item`
  MODIFY `id` int(10) UNSIGNED NOT NULL AUTO_INCREMENT;

--
-- AUTO_INCREMENT de la tabla `pb_grupo_target`
--
ALTER TABLE `pb_grupo_target`
  MODIFY `id` int(10) UNSIGNED NOT NULL AUTO_INCREMENT;

--
-- AUTO_INCREMENT de la tabla `pb_publicidades`
--
ALTER TABLE `pb_publicidades`
  MODIFY `id` int(10) UNSIGNED NOT NULL AUTO_INCREMENT;

--
-- AUTO_INCREMENT de la tabla `pb_publicidad_target`
--
ALTER TABLE `pb_publicidad_target`
  MODIFY `id` int(10) UNSIGNED NOT NULL AUTO_INCREMENT;

--
-- AUTO_INCREMENT de la tabla `pos_abonos`
--
ALTER TABLE `pos_abonos`
  MODIFY `id` bigint(20) UNSIGNED NOT NULL AUTO_INCREMENT;

--
-- AUTO_INCREMENT de la tabla `pos_abono_aplicaciones`
--
ALTER TABLE `pos_abono_aplicaciones`
  MODIFY `id` bigint(20) UNSIGNED NOT NULL AUTO_INCREMENT;

--
-- AUTO_INCREMENT de la tabla `pos_auditoria`
--
ALTER TABLE `pos_auditoria`
  MODIFY `id` bigint(20) UNSIGNED NOT NULL AUTO_INCREMENT;

--
-- AUTO_INCREMENT de la tabla `pos_clientes`
--
ALTER TABLE `pos_clientes`
  MODIFY `id` bigint(20) UNSIGNED NOT NULL AUTO_INCREMENT;

--
-- AUTO_INCREMENT de la tabla `pos_conductores`
--
ALTER TABLE `pos_conductores`
  MODIFY `id` bigint(20) UNSIGNED NOT NULL AUTO_INCREMENT;

--
-- AUTO_INCREMENT de la tabla `pos_perfil_conductor`
--
ALTER TABLE `pos_perfil_conductor`
  MODIFY `id` bigint(20) UNSIGNED NOT NULL AUTO_INCREMENT;

--
-- AUTO_INCREMENT de la tabla `pos_devoluciones`
--
ALTER TABLE `pos_devoluciones`
  MODIFY `id` bigint(20) UNSIGNED NOT NULL AUTO_INCREMENT;

--
-- AUTO_INCREMENT de la tabla `pos_medios_pago`
--
ALTER TABLE `pos_medios_pago`
  MODIFY `id` int(10) UNSIGNED NOT NULL AUTO_INCREMENT, AUTO_INCREMENT=5;

--
-- AUTO_INCREMENT de la tabla `pos_series`
--
ALTER TABLE `pos_series`
  MODIFY `id` int(10) UNSIGNED NOT NULL AUTO_INCREMENT;

--
-- AUTO_INCREMENT de la tabla `pos_ventas`
--
ALTER TABLE `pos_ventas`
  MODIFY `id` bigint(20) UNSIGNED NOT NULL AUTO_INCREMENT;

--
-- AUTO_INCREMENT de la tabla `pos_ventas_anulaciones`
--
ALTER TABLE `pos_ventas_anulaciones`
  MODIFY `id` bigint(20) UNSIGNED NOT NULL AUTO_INCREMENT;

--
-- AUTO_INCREMENT de la tabla `pos_venta_conductores`
--
ALTER TABLE `pos_venta_conductores`
  MODIFY `id` bigint(20) UNSIGNED NOT NULL AUTO_INCREMENT;

--
-- AUTO_INCREMENT de la tabla `pos_venta_detalles`
--
ALTER TABLE `pos_venta_detalles`
  MODIFY `id` bigint(20) UNSIGNED NOT NULL AUTO_INCREMENT;

--
-- AUTO_INCREMENT de la tabla `pos_venta_detalle_conductores`
--
ALTER TABLE `pos_venta_detalle_conductores`
  MODIFY `id` bigint(20) UNSIGNED NOT NULL AUTO_INCREMENT;

--
-- AUTO_INCREMENT de la tabla `vn_logs_precios`
--
ALTER TABLE `vn_logs_precios`
  MODIFY `id` int(10) UNSIGNED NOT NULL AUTO_INCREMENT;

--
-- AUTO_INCREMENT de la tabla `vn_log_precios`
--
ALTER TABLE `vn_log_precios`
  MODIFY `id` bigint(20) UNSIGNED NOT NULL AUTO_INCREMENT;

--
-- AUTO_INCREMENT de la tabla `vn_precios`
--
ALTER TABLE `vn_precios`
  MODIFY `id` int(10) UNSIGNED NOT NULL AUTO_INCREMENT;

--
-- AUTO_INCREMENT de la tabla `vn_precios_servicio`
--
ALTER TABLE `vn_precios_servicio`
  MODIFY `id` int(10) UNSIGNED NOT NULL AUTO_INCREMENT;

--
-- AUTO_INCREMENT de la tabla `vn_servicios`
--
ALTER TABLE `vn_servicios`
  MODIFY `id` int(10) UNSIGNED NOT NULL AUTO_INCREMENT;

--
-- AUTO_INCREMENT de la tabla `vn_servicios_empresas`
--
ALTER TABLE `vn_servicios_empresas`
  MODIFY `id` int(10) UNSIGNED NOT NULL AUTO_INCREMENT;

--
-- Restricciones para tablas volcadas
--

--
-- Filtros para la tabla `al_alertas`
--
ALTER TABLE `al_alertas`
  ADD CONSTRAINT `fk_al_emp` FOREIGN KEY (`id_empresa`) REFERENCES `mtp_empresas` (`id`) ON DELETE CASCADE ON UPDATE CASCADE;

--
-- Filtros para la tabla `al_alertas_log`
--
ALTER TABLE `al_alertas_log`
  ADD CONSTRAINT `fk_al_log_alerta` FOREIGN KEY (`id_alerta`) REFERENCES `al_alertas` (`id`) ON DELETE CASCADE ON UPDATE CASCADE;

--
-- Filtros para la tabla `cam_camaras`
--
ALTER TABLE `cam_camaras`
  ADD CONSTRAINT `fk_cam_empresas` FOREIGN KEY (`id_empresa`) REFERENCES `mtp_empresas` (`id`) ON DELETE CASCADE ON UPDATE CASCADE;

--
-- Filtros para la tabla `cam_camaras_usuarios`
--
ALTER TABLE `cam_camaras_usuarios`
  ADD CONSTRAINT `fk_ccu_camara` FOREIGN KEY (`id_camara`) REFERENCES `cam_camaras` (`id`) ON DELETE CASCADE ON UPDATE CASCADE;

--
-- Filtros para la tabla `cam_hdd`
--
ALTER TABLE `cam_hdd`
  ADD CONSTRAINT `fk_cam_hdd_camara` FOREIGN KEY (`id_camara`) REFERENCES `cam_camaras` (`id`) ON DELETE CASCADE ON UPDATE CASCADE;

--
-- Filtros para la tabla `cam_hdd_consumo`
--
ALTER TABLE `cam_hdd_consumo`
  ADD CONSTRAINT `fk_cam_hdd_consumo_hdd` FOREIGN KEY (`id_hdd`) REFERENCES `cam_hdd` (`id`) ON DELETE CASCADE ON UPDATE CASCADE;

--
-- Filtros para la tabla `ce_componentes`
--
ALTER TABLE `ce_componentes`
  ADD CONSTRAINT `fk_ce_comp_pl` FOREIGN KEY (`plantilla_id`) REFERENCES `ce_plantillas` (`id`) ON DELETE CASCADE ON UPDATE CASCADE;

--
-- Filtros para la tabla `ce_componente_opciones`
--
ALTER TABLE `ce_componente_opciones`
  ADD CONSTRAINT `fk_ce_opt_comp` FOREIGN KEY (`componente_id`) REFERENCES `ce_componentes` (`id`) ON DELETE CASCADE ON UPDATE CASCADE;

--
-- Filtros para la tabla `ce_plantillas`
--
ALTER TABLE `ce_plantillas`
  ADD CONSTRAINT `fk_ce_pl_user` FOREIGN KEY (`creado_por`) REFERENCES `mtp_usuarios` (`id`) ON UPDATE CASCADE;

--
-- Filtros para la tabla `cm_dvr`
--
ALTER TABLE `cm_dvr`
  ADD CONSTRAINT `fk_dvr_disco_actual` FOREIGN KEY (`id_disco_actual`) REFERENCES `cm_discos` (`id`) ON DELETE SET NULL ON UPDATE CASCADE;

--
-- Filtros para la tabla `cm_dvr_disco`
--
ALTER TABLE `cm_dvr_disco`
  ADD CONSTRAINT `fk_dvrd_disco` FOREIGN KEY (`id_disco`) REFERENCES `cm_discos` (`id`) ON DELETE CASCADE ON UPDATE CASCADE,
  ADD CONSTRAINT `fk_dvrd_dvr` FOREIGN KEY (`id_dvr`) REFERENCES `cm_dvr` (`id`) ON DELETE CASCADE ON UPDATE CASCADE;

--
-- Filtros para la tabla `cm_dvr_empresa`
--
ALTER TABLE `cm_dvr_empresa`
  ADD CONSTRAINT `fk_dvr_emp_dvr` FOREIGN KEY (`id_dvr`) REFERENCES `cm_dvr` (`id`) ON DELETE CASCADE ON UPDATE CASCADE,
  ADD CONSTRAINT `fk_dvr_emp_emp` FOREIGN KEY (`id_empresa`) REFERENCES `mtp_empresas` (`id`) ON UPDATE CASCADE;

--
-- Filtros para la tabla `cm_dvr_medicion`
--
ALTER TABLE `cm_dvr_medicion`
  ADD CONSTRAINT `fk_med_disco` FOREIGN KEY (`id_disco`) REFERENCES `cm_discos` (`id`) ON DELETE SET NULL ON UPDATE CASCADE,
  ADD CONSTRAINT `fk_med_dvr` FOREIGN KEY (`id_dvr`) REFERENCES `cm_dvr` (`id`) ON DELETE CASCADE ON UPDATE CASCADE,
  ADD CONSTRAINT `fk_med_user` FOREIGN KEY (`capturado_por`) REFERENCES `mtp_usuarios` (`id`) ON DELETE SET NULL ON UPDATE CASCADE;

--
-- Filtros para la tabla `com_comunicado_target`
--
ALTER TABLE `com_comunicado_target`
  ADD CONSTRAINT `fk_tgt_com` FOREIGN KEY (`comunicado_id`) REFERENCES `com_comunicados` (`id`) ON DELETE CASCADE ON UPDATE CASCADE,
  ADD CONSTRAINT `fk_tgt_emp` FOREIGN KEY (`empresa_id`) REFERENCES `mtp_empresas` (`id`) ON DELETE CASCADE ON UPDATE CASCADE,
  ADD CONSTRAINT `fk_tgt_rol` FOREIGN KEY (`rol_id`) REFERENCES `mtp_roles` (`id`) ON UPDATE CASCADE,
  ADD CONSTRAINT `fk_tgt_user` FOREIGN KEY (`usuario_id`) REFERENCES `mtp_usuarios` (`id`) ON DELETE CASCADE ON UPDATE CASCADE;

--
-- Filtros para la tabla `com_comunicado_vista`
--
ALTER TABLE `com_comunicado_vista`
  ADD CONSTRAINT `fk_vista_com` FOREIGN KEY (`comunicado_id`) REFERENCES `com_comunicados` (`id`) ON DELETE CASCADE ON UPDATE CASCADE,
  ADD CONSTRAINT `fk_vista_user` FOREIGN KEY (`usuario_id`) REFERENCES `mtp_usuarios` (`id`) ON DELETE CASCADE ON UPDATE CASCADE;

--
-- Filtros para la tabla `cq_certificados`
--
ALTER TABLE `cq_certificados`
  ADD CONSTRAINT `fk_cq_cert_categoria` FOREIGN KEY (`id_categoria_licencia`) REFERENCES `cq_categorias_licencia` (`id`) ON UPDATE CASCADE,
  ADD CONSTRAINT `fk_cq_cert_curso` FOREIGN KEY (`id_curso`) REFERENCES `cr_cursos` (`id`) ON UPDATE CASCADE,
  ADD CONSTRAINT `fk_cq_cert_empresa` FOREIGN KEY (`id_empresa`) REFERENCES `mtp_empresas` (`id`) ON UPDATE CASCADE,
  ADD CONSTRAINT `fk_cq_cert_plantilla` FOREIGN KEY (`id_plantilla_certificado`) REFERENCES `cq_plantillas_certificados` (`id`) ON UPDATE CASCADE,
  ADD CONSTRAINT `fk_cq_cert_tipo_doc` FOREIGN KEY (`id_tipo_doc`) REFERENCES `cq_tipos_documento` (`id`) ON UPDATE CASCADE,
  ADD CONSTRAINT `fk_cq_cert_usuario` FOREIGN KEY (`id_usuario_emisor`) REFERENCES `mtp_usuarios` (`id`) ON UPDATE CASCADE;

--
-- Filtros para la tabla `cq_plantillas_certificados`
--
ALTER TABLE `cq_plantillas_certificados`
  ADD CONSTRAINT `fk_pc_empresa` FOREIGN KEY (`id_empresa`) REFERENCES `mtp_empresas` (`id`) ON UPDATE CASCADE;

--
-- Filtros para la tabla `cq_plantillas_elementos`
--
ALTER TABLE `cq_plantillas_elementos`
  ADD CONSTRAINT `fk_pe_plantilla` FOREIGN KEY (`id_plantilla_certificado`) REFERENCES `cq_plantillas_certificados` (`id`) ON DELETE CASCADE ON UPDATE CASCADE;

--
-- Filtros para la tabla `cq_plantillas_posiciones`
--
ALTER TABLE `cq_plantillas_posiciones`
  ADD CONSTRAINT `fk_pp_plantilla` FOREIGN KEY (`id_plantilla_certificado`) REFERENCES `cq_plantillas_certificados` (`id`) ON DELETE CASCADE ON UPDATE CASCADE;

--
-- Filtros para la tabla `cr_curso_etiqueta`
--
ALTER TABLE `cr_curso_etiqueta`
  ADD CONSTRAINT `fk_cr_ce_curso` FOREIGN KEY (`curso_id`) REFERENCES `cr_cursos` (`id`) ON DELETE CASCADE ON UPDATE CASCADE,
  ADD CONSTRAINT `fk_cr_ce_etiqueta` FOREIGN KEY (`etiqueta_id`) REFERENCES `cr_etiquetas` (`id`) ON DELETE CASCADE ON UPDATE CASCADE;

--
-- Filtros para la tabla `cr_temas`
--
ALTER TABLE `cr_temas`
  ADD CONSTRAINT `fk_cr_tema_curso` FOREIGN KEY (`curso_id`) REFERENCES `cr_cursos` (`id`) ON DELETE CASCADE ON UPDATE CASCADE;

--
-- Filtros para la tabla `cr_usuario_curso`
--
ALTER TABLE `cr_usuario_curso`
  ADD CONSTRAINT `fk_ucr_asignado_por` FOREIGN KEY (`asignado_por`) REFERENCES `mtp_usuarios` (`id`) ON UPDATE CASCADE,
  ADD CONSTRAINT `fk_ucr_curso` FOREIGN KEY (`curso_id`) REFERENCES `cr_cursos` (`id`) ON DELETE CASCADE ON UPDATE CASCADE,
  ADD CONSTRAINT `fk_ucr_usuario` FOREIGN KEY (`usuario_id`) REFERENCES `mtp_usuarios` (`id`) ON DELETE CASCADE ON UPDATE CASCADE;

--
-- Filtros para la tabla `inv_bienes`
--
ALTER TABLE `inv_bienes`
  ADD CONSTRAINT `fk_inv_bienes_empresa` FOREIGN KEY (`id_empresa`) REFERENCES `mtp_empresas` (`id`) ON UPDATE CASCADE,
  ADD CONSTRAINT `fk_inv_bienes_resp` FOREIGN KEY (`id_responsable`) REFERENCES `mtp_usuarios` (`id`) ON DELETE SET NULL ON UPDATE CASCADE,
  ADD CONSTRAINT `fk_inv_bienes_ubic` FOREIGN KEY (`id_ubicacion`) REFERENCES `inv_ubicaciones` (`id`) ON DELETE SET NULL ON UPDATE CASCADE;

--
-- Filtros para la tabla `inv_bien_categoria`
--
ALTER TABLE `inv_bien_categoria`
  ADD CONSTRAINT `fk_inv_bc_bien` FOREIGN KEY (`id_bien`) REFERENCES `inv_bienes` (`id`) ON DELETE CASCADE ON UPDATE CASCADE,
  ADD CONSTRAINT `fk_inv_bc_cat` FOREIGN KEY (`id_categoria`) REFERENCES `inv_categorias` (`id`) ON DELETE CASCADE ON UPDATE CASCADE;

--
-- Filtros para la tabla `inv_categorias`
--
ALTER TABLE `inv_categorias`
  ADD CONSTRAINT `fk_inv_cat_empresa` FOREIGN KEY (`id_empresa`) REFERENCES `mtp_empresas` (`id`) ON UPDATE CASCADE;

--
-- Filtros para la tabla `inv_movimientos`
--
ALTER TABLE `inv_movimientos`
  ADD CONSTRAINT `fk_inv_mov_bien` FOREIGN KEY (`id_bien`) REFERENCES `inv_bienes` (`id`) ON DELETE CASCADE ON UPDATE CASCADE,
  ADD CONSTRAINT `fk_inv_mov_desde_resp` FOREIGN KEY (`desde_responsable`) REFERENCES `mtp_usuarios` (`id`) ON DELETE SET NULL ON UPDATE CASCADE,
  ADD CONSTRAINT `fk_inv_mov_desde_ubic` FOREIGN KEY (`desde_ubicacion`) REFERENCES `inv_ubicaciones` (`id`) ON DELETE SET NULL ON UPDATE CASCADE,
  ADD CONSTRAINT `fk_inv_mov_empresa` FOREIGN KEY (`id_empresa`) REFERENCES `mtp_empresas` (`id`) ON UPDATE CASCADE,
  ADD CONSTRAINT `fk_inv_mov_hacia_resp` FOREIGN KEY (`hacia_responsable`) REFERENCES `mtp_usuarios` (`id`) ON DELETE SET NULL ON UPDATE CASCADE,
  ADD CONSTRAINT `fk_inv_mov_hacia_ubic` FOREIGN KEY (`hacia_ubicacion`) REFERENCES `inv_ubicaciones` (`id`) ON DELETE SET NULL ON UPDATE CASCADE,
  ADD CONSTRAINT `fk_inv_mov_usr` FOREIGN KEY (`id_usuario`) REFERENCES `mtp_usuarios` (`id`) ON UPDATE CASCADE;

--
-- Filtros para la tabla `inv_ubicaciones`
--
ALTER TABLE `inv_ubicaciones`
  ADD CONSTRAINT `fk_inv_ubic_empresa` FOREIGN KEY (`id_empresa`) REFERENCES `mtp_empresas` (`id`) ON UPDATE CASCADE;

--
-- Filtros para la tabla `iv_camaras`
--
ALTER TABLE `iv_camaras`
  ADD CONSTRAINT `fk_iv_cam_emp` FOREIGN KEY (`id_empresa`) REFERENCES `mtp_empresas` (`id`) ON DELETE CASCADE ON UPDATE CASCADE;

--
-- Filtros para la tabla `iv_computadoras`
--
ALTER TABLE `iv_computadoras`
  ADD CONSTRAINT `fk_iv_pc_emp` FOREIGN KEY (`id_empresa`) REFERENCES `mtp_empresas` (`id`) ON DELETE CASCADE ON UPDATE CASCADE;

--
-- Filtros para la tabla `iv_dvrs`
--
ALTER TABLE `iv_dvrs`
  ADD CONSTRAINT `fk_iv_dvr_emp` FOREIGN KEY (`id_empresa`) REFERENCES `mtp_empresas` (`id`) ON DELETE CASCADE ON UPDATE CASCADE;

--
-- Filtros para la tabla `iv_huelleros`
--
ALTER TABLE `iv_huelleros`
  ADD CONSTRAINT `fk_iv_huella_emp` FOREIGN KEY (`id_empresa`) REFERENCES `mtp_empresas` (`id`) ON DELETE CASCADE ON UPDATE CASCADE;

--
-- Filtros para la tabla `iv_red`
--
ALTER TABLE `iv_red`
  ADD CONSTRAINT `fk_iv_red_emp` FOREIGN KEY (`id_empresa`) REFERENCES `mtp_empresas` (`id`) ON DELETE CASCADE ON UPDATE CASCADE;

--
-- Filtros para la tabla `iv_switches`
--
ALTER TABLE `iv_switches`
  ADD CONSTRAINT `fk_iv_sw_emp` FOREIGN KEY (`id_empresa`) REFERENCES `mtp_empresas` (`id`) ON DELETE CASCADE ON UPDATE CASCADE;

--
-- Filtros para la tabla `iv_transmision`
--
ALTER TABLE `iv_transmision`
  ADD CONSTRAINT `fk_iv_tx_emp` FOREIGN KEY (`id_empresa`) REFERENCES `mtp_empresas` (`id`) ON DELETE CASCADE ON UPDATE CASCADE;

--
-- Filtros para la tabla `mod_caja_auditoria`
--
ALTER TABLE `mod_caja_auditoria`
  ADD CONSTRAINT `fk_a_cd` FOREIGN KEY (`id_caja_diaria`) REFERENCES `mod_caja_diaria` (`id`) ON DELETE SET NULL ON UPDATE CASCADE,
  ADD CONSTRAINT `fk_a_cm` FOREIGN KEY (`id_caja_mensual`) REFERENCES `mod_caja_mensual` (`id`) ON DELETE SET NULL ON UPDATE CASCADE,
  ADD CONSTRAINT `fk_a_emp` FOREIGN KEY (`id_empresa`) REFERENCES `mtp_empresas` (`id`) ON UPDATE CASCADE;

--
-- Filtros para la tabla `mod_caja_diaria`
--
ALTER TABLE `mod_caja_diaria`
  ADD CONSTRAINT `fk_cd_abre` FOREIGN KEY (`abierto_por`) REFERENCES `mtp_usuarios` (`id`) ON UPDATE CASCADE,
  ADD CONSTRAINT `fk_cd_cierra` FOREIGN KEY (`cerrado_por`) REFERENCES `mtp_usuarios` (`id`) ON UPDATE CASCADE,
  ADD CONSTRAINT `fk_cd_empresa` FOREIGN KEY (`id_empresa`) REFERENCES `mtp_empresas` (`id`) ON UPDATE CASCADE,
  ADD CONSTRAINT `fk_cd_mensual` FOREIGN KEY (`id_caja_mensual`) REFERENCES `mod_caja_mensual` (`id`) ON DELETE CASCADE ON UPDATE CASCADE;

--
-- Filtros para la tabla `mod_caja_mensual`
--
ALTER TABLE `mod_caja_mensual`
  ADD CONSTRAINT `fk_cm_abre` FOREIGN KEY (`abierto_por`) REFERENCES `mtp_usuarios` (`id`) ON UPDATE CASCADE,
  ADD CONSTRAINT `fk_cm_cierra` FOREIGN KEY (`cerrado_por`) REFERENCES `mtp_usuarios` (`id`) ON UPDATE CASCADE,
  ADD CONSTRAINT `fk_cm_empresa` FOREIGN KEY (`id_empresa`) REFERENCES `mtp_empresas` (`id`) ON UPDATE CASCADE;

--
-- Filtros para la tabla `mod_empresa_servicio`
--
ALTER TABLE `mod_empresa_servicio`
  ADD CONSTRAINT `fk_mes_empresa` FOREIGN KEY (`empresa_id`) REFERENCES `mtp_empresas` (`id`) ON DELETE CASCADE,
  ADD CONSTRAINT `fk_mes_servicio` FOREIGN KEY (`servicio_id`) REFERENCES `mod_servicios` (`id`) ON DELETE CASCADE;

--
-- Filtros para la tabla `mod_precios`
--
ALTER TABLE `mod_precios`
  ADD CONSTRAINT `fk_mod_precios__empresa` FOREIGN KEY (`empresa_id`) REFERENCES `mtp_empresas` (`id`) ON DELETE CASCADE,
  ADD CONSTRAINT `fk_mod_precios__servicio` FOREIGN KEY (`servicio_id`) REFERENCES `mod_servicios` (`id`) ON DELETE CASCADE;

--
-- Filtros para la tabla `mod_servicio_etiqueta`
--
ALTER TABLE `mod_servicio_etiqueta`
  ADD CONSTRAINT `fk_mse_etiqueta` FOREIGN KEY (`etiqueta_id`) REFERENCES `mod_etiquetas` (`id`) ON DELETE CASCADE,
  ADD CONSTRAINT `fk_mse_servicio` FOREIGN KEY (`servicio_id`) REFERENCES `mod_servicios` (`id`) ON DELETE CASCADE;

--
-- Filtros para la tabla `mtp_detalle_usuario`
--
ALTER TABLE `mtp_detalle_usuario`
  ADD CONSTRAINT `fk_detalle_usuario_usuario` FOREIGN KEY (`id_usuario`) REFERENCES `mtp_usuarios` (`id`) ON DELETE CASCADE ON UPDATE CASCADE;

--
-- Filtros para la tabla `mtp_empresas`
--
ALTER TABLE `mtp_empresas`
  ADD CONSTRAINT `fk_empresas_depa` FOREIGN KEY (`id_depa`) REFERENCES `mtp_departamentos` (`id`) ON UPDATE CASCADE,
  ADD CONSTRAINT `fk_empresas_repleg` FOREIGN KEY (`id_repleg`) REFERENCES `mtp_representante_legal` (`id`) ON UPDATE CASCADE,
  ADD CONSTRAINT `fk_empresas_tipos` FOREIGN KEY (`id_tipo`) REFERENCES `mtp_tipos_empresas` (`id`) ON UPDATE CASCADE;

--
-- Filtros para la tabla `mtp_usuarios`
--
ALTER TABLE `mtp_usuarios`
  ADD CONSTRAINT `fk_usuarios_empresas` FOREIGN KEY (`id_empresa`) REFERENCES `mtp_empresas` (`id`) ON UPDATE CASCADE;

--
-- Filtros para la tabla `mtp_usuario_roles`
--
ALTER TABLE `mtp_usuario_roles`
  ADD CONSTRAINT `fk_ur_rol` FOREIGN KEY (`id_rol`) REFERENCES `mtp_roles` (`id`) ON UPDATE CASCADE,
  ADD CONSTRAINT `fk_ur_usuario` FOREIGN KEY (`id_usuario`) REFERENCES `mtp_usuarios` (`id`) ON DELETE CASCADE ON UPDATE CASCADE;

--
-- Filtros para la tabla `pb_grupo_item`
--
ALTER TABLE `pb_grupo_item`
  ADD CONSTRAINT `fk_pb_gi_grp` FOREIGN KEY (`grupo_id`) REFERENCES `pb_grupos` (`id`) ON DELETE CASCADE ON UPDATE CASCADE,
  ADD CONSTRAINT `fk_pb_gi_pub` FOREIGN KEY (`publicidad_id`) REFERENCES `pb_publicidades` (`id`) ON DELETE CASCADE ON UPDATE CASCADE;

--
-- Filtros para la tabla `pb_grupo_target`
--
ALTER TABLE `pb_grupo_target`
  ADD CONSTRAINT `fk_pb_gt_emp` FOREIGN KEY (`empresa_id`) REFERENCES `mtp_empresas` (`id`) ON UPDATE CASCADE,
  ADD CONSTRAINT `fk_pb_gt_grp` FOREIGN KEY (`grupo_id`) REFERENCES `pb_grupos` (`id`) ON DELETE CASCADE ON UPDATE CASCADE,
  ADD CONSTRAINT `fk_pb_gt_rol` FOREIGN KEY (`rol_id`) REFERENCES `mtp_roles` (`id`) ON UPDATE CASCADE,
  ADD CONSTRAINT `fk_pb_gt_user` FOREIGN KEY (`usuario_id`) REFERENCES `mtp_usuarios` (`id`) ON DELETE CASCADE ON UPDATE CASCADE;

--
-- Filtros para la tabla `pb_publicidad_etiqueta`
--
ALTER TABLE `pb_publicidad_etiqueta`
  ADD CONSTRAINT `fk_pb_pe_pub` FOREIGN KEY (`publicidad_id`) REFERENCES `pb_publicidades` (`id`) ON DELETE CASCADE ON UPDATE CASCADE,
  ADD CONSTRAINT `fk_pb_pe_tag` FOREIGN KEY (`etiqueta_id`) REFERENCES `pb_etiquetas` (`id`) ON DELETE CASCADE ON UPDATE CASCADE;

--
-- Filtros para la tabla `pb_publicidad_target`
--
ALTER TABLE `pb_publicidad_target`
  ADD CONSTRAINT `fk_pb_tgt_emp` FOREIGN KEY (`empresa_id`) REFERENCES `mtp_empresas` (`id`) ON UPDATE CASCADE,
  ADD CONSTRAINT `fk_pb_tgt_pub` FOREIGN KEY (`publicidad_id`) REFERENCES `pb_publicidades` (`id`) ON DELETE CASCADE ON UPDATE CASCADE,
  ADD CONSTRAINT `fk_pb_tgt_rol` FOREIGN KEY (`rol_id`) REFERENCES `mtp_roles` (`id`) ON UPDATE CASCADE,
  ADD CONSTRAINT `fk_pb_tgt_user` FOREIGN KEY (`usuario_id`) REFERENCES `mtp_usuarios` (`id`) ON DELETE CASCADE ON UPDATE CASCADE;

--
-- Filtros para la tabla `egr_correlativos`
--
ALTER TABLE `egr_correlativos`
  ADD CONSTRAINT `fk_egr_correlativo_emp` FOREIGN KEY (`id_empresa`) REFERENCES `mtp_empresas` (`id`) ON UPDATE CASCADE;

--
-- Filtros para la tabla `egr_egresos`
--
ALTER TABLE `egr_egresos`
  ADD CONSTRAINT `fk_egr_anulado_por` FOREIGN KEY (`anulado_por`) REFERENCES `mtp_usuarios` (`id`) ON UPDATE CASCADE,
  ADD CONSTRAINT `fk_egr_caja_diaria` FOREIGN KEY (`id_caja_diaria`) REFERENCES `mod_caja_diaria` (`id`) ON UPDATE CASCADE,
  ADD CONSTRAINT `fk_egr_caja_mensual` FOREIGN KEY (`id_caja_mensual`) REFERENCES `mod_caja_mensual` (`id`) ON UPDATE CASCADE,
  ADD CONSTRAINT `fk_egr_creado_por` FOREIGN KEY (`creado_por`) REFERENCES `mtp_usuarios` (`id`) ON UPDATE CASCADE,
  ADD CONSTRAINT `fk_egr_empresa` FOREIGN KEY (`id_empresa`) REFERENCES `mtp_empresas` (`id`) ON UPDATE CASCADE;

--
-- Filtros para la tabla `pos_abonos`
--
ALTER TABLE `pos_abonos`
  ADD CONSTRAINT `fk_pos_ab_caja` FOREIGN KEY (`caja_diaria_id`) REFERENCES `mod_caja_diaria` (`id`) ON UPDATE CASCADE,
  ADD CONSTRAINT `fk_pos_ab_cli` FOREIGN KEY (`cliente_id`) REFERENCES `pos_clientes` (`id`) ON UPDATE CASCADE,
  ADD CONSTRAINT `fk_pos_ab_emp` FOREIGN KEY (`id_empresa`) REFERENCES `mtp_empresas` (`id`) ON UPDATE CASCADE,
  ADD CONSTRAINT `fk_pos_ab_medio` FOREIGN KEY (`medio_id`) REFERENCES `pos_medios_pago` (`id`) ON UPDATE CASCADE,
  ADD CONSTRAINT `fk_pos_ab_user` FOREIGN KEY (`creado_por`) REFERENCES `mtp_usuarios` (`id`) ON UPDATE CASCADE;

--
-- Filtros para la tabla `pos_abono_aplicaciones`
--
ALTER TABLE `pos_abono_aplicaciones`
  ADD CONSTRAINT `fk_pos_apl_abono` FOREIGN KEY (`abono_id`) REFERENCES `pos_abonos` (`id`) ON DELETE CASCADE ON UPDATE CASCADE,
  ADD CONSTRAINT `fk_pos_apl_venta` FOREIGN KEY (`venta_id`) REFERENCES `pos_ventas` (`id`) ON DELETE CASCADE ON UPDATE CASCADE;

--
-- Filtros para la tabla `pos_auditoria`
--
ALTER TABLE `pos_auditoria`
  ADD CONSTRAINT `fk_pos_aud_emp` FOREIGN KEY (`id_empresa`) REFERENCES `mtp_empresas` (`id`) ON UPDATE CASCADE,
  ADD CONSTRAINT `fk_pos_aud_user` FOREIGN KEY (`actor_id`) REFERENCES `mtp_usuarios` (`id`) ON UPDATE CASCADE;

--
-- Filtros para la tabla `pos_clientes`
--
ALTER TABLE `pos_clientes`
  ADD CONSTRAINT `fk_pos_cli_emp` FOREIGN KEY (`id_empresa`) REFERENCES `mtp_empresas` (`id`) ON UPDATE CASCADE;

--
-- Filtros para la tabla `pos_conductores`
--
ALTER TABLE `pos_conductores`
  ADD CONSTRAINT `fk_pos_cond_emp` FOREIGN KEY (`id_empresa`) REFERENCES `mtp_empresas` (`id`) ON UPDATE CASCADE;

--
-- Filtros para la tabla `pos_perfil_conductor`
--
ALTER TABLE `pos_perfil_conductor`
  ADD CONSTRAINT `fk_pos_pc_cat_auto` FOREIGN KEY (`categoria_auto_id`) REFERENCES `cq_categorias_licencia` (`id`) ON UPDATE CASCADE,
  ADD CONSTRAINT `fk_pos_pc_cat_moto` FOREIGN KEY (`categoria_moto_id`) REFERENCES `cq_categorias_licencia` (`id`) ON UPDATE CASCADE,
  ADD CONSTRAINT `fk_pos_pc_emp` FOREIGN KEY (`id_empresa`) REFERENCES `mtp_empresas` (`id`) ON UPDATE CASCADE;

--
-- Filtros para la tabla `pos_devoluciones`
--
ALTER TABLE `pos_devoluciones`
  ADD CONSTRAINT `fk_pos_dev_apl` FOREIGN KEY (`abono_aplicacion_id`) REFERENCES `pos_abono_aplicaciones` (`id`) ON UPDATE CASCADE,
  ADD CONSTRAINT `fk_pos_dev_caja` FOREIGN KEY (`caja_diaria_id`) REFERENCES `mod_caja_diaria` (`id`) ON UPDATE CASCADE,
  ADD CONSTRAINT `fk_pos_dev_emp` FOREIGN KEY (`id_empresa`) REFERENCES `mtp_empresas` (`id`) ON UPDATE CASCADE,
  ADD CONSTRAINT `fk_pos_dev_medio` FOREIGN KEY (`medio_id`) REFERENCES `pos_medios_pago` (`id`) ON UPDATE CASCADE,
  ADD CONSTRAINT `fk_pos_dev_user` FOREIGN KEY (`devuelto_por`) REFERENCES `mtp_usuarios` (`id`) ON UPDATE CASCADE,
  ADD CONSTRAINT `fk_pos_dev_venta` FOREIGN KEY (`venta_id`) REFERENCES `pos_ventas` (`id`) ON UPDATE CASCADE;

--
-- Filtros para la tabla `pos_series`
--
ALTER TABLE `pos_series`
  ADD CONSTRAINT `fk_pos_series_emp` FOREIGN KEY (`id_empresa`) REFERENCES `mtp_empresas` (`id`) ON UPDATE CASCADE;

--
-- Filtros para la tabla `pos_ventas`
--
ALTER TABLE `pos_ventas`
  ADD CONSTRAINT `fk_pos_v_caja` FOREIGN KEY (`caja_diaria_id`) REFERENCES `mod_caja_diaria` (`id`) ON UPDATE CASCADE,
  ADD CONSTRAINT `fk_pos_v_cli` FOREIGN KEY (`cliente_id`) REFERENCES `pos_clientes` (`id`) ON UPDATE CASCADE,
  ADD CONSTRAINT `fk_pos_v_emp` FOREIGN KEY (`id_empresa`) REFERENCES `mtp_empresas` (`id`) ON UPDATE CASCADE,
  ADD CONSTRAINT `fk_pos_v_serie` FOREIGN KEY (`serie_id`) REFERENCES `pos_series` (`id`) ON UPDATE CASCADE,
  ADD CONSTRAINT `fk_pos_v_user` FOREIGN KEY (`creado_por`) REFERENCES `mtp_usuarios` (`id`) ON UPDATE CASCADE;

--
-- Filtros para la tabla `pos_ventas_anulaciones`
--
ALTER TABLE `pos_ventas_anulaciones`
  ADD CONSTRAINT `fk_pos_anula_user` FOREIGN KEY (`anulado_por`) REFERENCES `mtp_usuarios` (`id`) ON UPDATE CASCADE,
  ADD CONSTRAINT `fk_pos_anula_venta` FOREIGN KEY (`venta_id`) REFERENCES `pos_ventas` (`id`) ON DELETE CASCADE ON UPDATE CASCADE;

--
-- Filtros para la tabla `pos_venta_conductores`
--
ALTER TABLE `pos_venta_conductores`
  ADD CONSTRAINT `fk_pos_vc_cond` FOREIGN KEY (`conductor_id`) REFERENCES `pos_conductores` (`id`) ON UPDATE CASCADE,
  ADD CONSTRAINT `fk_pos_vc_venta` FOREIGN KEY (`venta_id`) REFERENCES `pos_ventas` (`id`) ON DELETE CASCADE ON UPDATE CASCADE;

--
-- Filtros para la tabla `pos_venta_detalles`
--
ALTER TABLE `pos_venta_detalles`
  ADD CONSTRAINT `fk_pos_vd_serv` FOREIGN KEY (`servicio_id`) REFERENCES `mod_servicios` (`id`) ON UPDATE CASCADE,
  ADD CONSTRAINT `fk_pos_vd_venta` FOREIGN KEY (`venta_id`) REFERENCES `pos_ventas` (`id`) ON DELETE CASCADE ON UPDATE CASCADE;

--
-- Filtros para la tabla `pos_venta_detalle_conductores`
--
ALTER TABLE `pos_venta_detalle_conductores`
  ADD CONSTRAINT `fk_pos_vdc_cond` FOREIGN KEY (`conductor_id`) REFERENCES `pos_conductores` (`id`) ON UPDATE CASCADE,
  ADD CONSTRAINT `fk_pos_vdc_det` FOREIGN KEY (`venta_detalle_id`) REFERENCES `pos_venta_detalles` (`id`) ON DELETE CASCADE ON UPDATE CASCADE;

--
-- Filtros para la tabla `vn_log_precios`
--
ALTER TABLE `vn_log_precios`
  ADD CONSTRAINT `fk_vn_log_emp` FOREIGN KEY (`id_empresa`) REFERENCES `mtp_empresas` (`id`) ON DELETE CASCADE ON UPDATE CASCADE,
  ADD CONSTRAINT `fk_vn_log_serv` FOREIGN KEY (`id_servicio`) REFERENCES `vn_servicios` (`id`) ON DELETE CASCADE ON UPDATE CASCADE,
  ADD CONSTRAINT `fk_vn_log_user` FOREIGN KEY (`hecho_por`) REFERENCES `mtp_usuarios` (`id`) ON UPDATE CASCADE;

--
-- Filtros para la tabla `vn_precios`
--
ALTER TABLE `vn_precios`
  ADD CONSTRAINT `fk_precio_emp` FOREIGN KEY (`id_empresa`) REFERENCES `mtp_empresas` (`id`) ON UPDATE CASCADE,
  ADD CONSTRAINT `fk_precio_svc` FOREIGN KEY (`id_servicio`) REFERENCES `vn_servicios` (`id`) ON UPDATE CASCADE;

--
-- Filtros para la tabla `vn_precios_servicio`
--
ALTER TABLE `vn_precios_servicio`
  ADD CONSTRAINT `fk_vn_precio_cuser` FOREIGN KEY (`creado_por`) REFERENCES `mtp_usuarios` (`id`) ON UPDATE CASCADE,
  ADD CONSTRAINT `fk_vn_precio_emp` FOREIGN KEY (`id_empresa`) REFERENCES `mtp_empresas` (`id`) ON DELETE CASCADE ON UPDATE CASCADE,
  ADD CONSTRAINT `fk_vn_precio_serv` FOREIGN KEY (`id_servicio`) REFERENCES `vn_servicios` (`id`) ON DELETE CASCADE ON UPDATE CASCADE,
  ADD CONSTRAINT `fk_vn_precio_uuser` FOREIGN KEY (`actualizado_por`) REFERENCES `mtp_usuarios` (`id`) ON UPDATE CASCADE;

--
-- Filtros para la tabla `vn_precio_actual`
--
ALTER TABLE `vn_precio_actual`
  ADD CONSTRAINT `fk_vn_pa_emp` FOREIGN KEY (`id_empresa`) REFERENCES `mtp_empresas` (`id`) ON DELETE CASCADE ON UPDATE CASCADE,
  ADD CONSTRAINT `fk_vn_pa_precio` FOREIGN KEY (`id_precio`) REFERENCES `vn_precios_servicio` (`id`) ON DELETE CASCADE ON UPDATE CASCADE,
  ADD CONSTRAINT `fk_vn_pa_serv` FOREIGN KEY (`id_servicio`) REFERENCES `vn_servicios` (`id`) ON DELETE CASCADE ON UPDATE CASCADE,
  ADD CONSTRAINT `fk_vn_pa_user` FOREIGN KEY (`actualizado_por`) REFERENCES `mtp_usuarios` (`id`) ON UPDATE CASCADE;

--
-- Filtros para la tabla `vn_servicios`
--
ALTER TABLE `vn_servicios`
  ADD CONSTRAINT `fk_vn_serv_actualizado_user` FOREIGN KEY (`actualizado_por`) REFERENCES `mtp_usuarios` (`id`) ON UPDATE CASCADE,
  ADD CONSTRAINT `fk_vn_serv_creado_user` FOREIGN KEY (`creado_por`) REFERENCES `mtp_usuarios` (`id`) ON UPDATE CASCADE;

--
-- Filtros para la tabla `vn_servicios_empresas`
--
ALTER TABLE `vn_servicios_empresas`
  ADD CONSTRAINT `fk_vn_se_cuser` FOREIGN KEY (`creado_por`) REFERENCES `mtp_usuarios` (`id`) ON UPDATE CASCADE,
  ADD CONSTRAINT `fk_vn_se_emp` FOREIGN KEY (`id_empresa`) REFERENCES `mtp_empresas` (`id`) ON DELETE CASCADE ON UPDATE CASCADE,
  ADD CONSTRAINT `fk_vn_se_serv` FOREIGN KEY (`id_servicio`) REFERENCES `vn_servicios` (`id`) ON DELETE CASCADE ON UPDATE CASCADE,
  ADD CONSTRAINT `fk_vn_se_uuser` FOREIGN KEY (`actualizado_por`) REFERENCES `mtp_usuarios` (`id`) ON UPDATE CASCADE;
COMMIT;

/*!40101 SET CHARACTER_SET_CLIENT=@OLD_CHARACTER_SET_CLIENT */;
/*!40101 SET CHARACTER_SET_RESULTS=@OLD_CHARACTER_SET_RESULTS */;
/*!40101 SET COLLATION_CONNECTION=@OLD_COLLATION_CONNECTION */;
